Fight_ID,Event,Location,Fighter_1_Name,Fighter_2_Name,Fighter_1_Age,Fighter_2_Age,Fighter_1_Height (cm),Fighter_2_Height (cm),Fighter_1_Reach (cm),Fighter_2_Reach (cm),Fighter_1_Gender,Fighter_2_Gender,Fighter_1_Weight (kg),Fighter_2_Weight (kg),Fighter_1_Style,Fighter_2_Style,Fighter_1_Gym,Fighter_2_Gym,Rounds,Round_End,Time_End,Outcome,Winner,Method,Significant_Strikes_Landed (F1),Significant_Strikes_Landed (F2),Takedowns_Landed (F1),Takedowns_Landed (F2),Knockdowns (F1),Knockdowns (F2)
1,UFC 250,"Las Vegas, NV",Amanda Nunes,Felicia Spencer,32,29,173,171,175,173,Female,Female,65,65,Brazilian Jiu-Jitsu,Boxing,American Top Team,Xtreme Couture,5,5,05:00,Decision,Amanda Nunes,Unanimous,124,42,6,0,1,0
2,Bellator 220,"San Jose, CA",Ryan Bader,Lyoto Machida,37,42,188,185,193,189,Male,Male,93,93,Wrestling,Karate,Power MMA,Machida Karate,3,3,04:35,KO,Ryan Bader,Punch,75,40,3,0,2,1
3,ONE 150,Singapore,Angela Lee,Xiong Jing Nan,26,34,162,165,165,167,Female,Female,52,55,Brazilian Jiu-Jitsu,Sanda,Evolve MMA,Beijing Top Team,5,5,04:59,Submission,Angela Lee,Rear-Naked Choke,98,55,2,1,0,0
4,Pride 33,"Tokyo, Japan",Dan Henderson,Wanderlei Silva,36,30,183,180,187,185,Male,Male,93,93,Greco-Roman Wrestling,Muay Thai,Team Quest,Chute Boxe,3,3,02:09,KO,Dan Henderson,Punch,58,60,3,0,1,0
5,UFC 263,"Glendale, AZ",Israel Adesanya,Marvin Vettori,32,27,193,183,203,188,Male,Male,84,84,Kickboxing,Wrestling,City Kickboxing,Kings MMA,5,5,05:00,Decision,Israel Adesanya,Unanimous,96,60,0,4,0,0
6,Pride 30,"London, UK",Jon Jones,Dustin Poirier,25,26,181,169,163,201,Female,Female,88,72,Brazilian Jiu-Jitsu,Karate,Jackson-Wink MMA,AKA,3,3,02:00,Submission,Fighter 2,Rear-Naked Choke,121,127,3,0,1,0
7,KSW 55,"Tokyo, Japan",Conor McGregor,Douglas Lima,30,39,183,189,189,160,Female,Male,64,78,Kickboxing,Karate,Jackson-Wink MMA,AKA,3,1,04:00,Submission,Fighter 2,Punch,33,115,3,5,2,1
8,UFC 251,"Warsaw, Poland",Jon Jones,Dustin Poirier,33,39,173,173,187,182,Female,Female,87,93,Wrestling,Sanda,Tiger Muay Thai,Xtreme Couture,3,3,03:00,KO,Fighter 2,Rear-Naked Choke,33,124,4,3,1,0
9,Cage Warriors 113,"Tokyo, Japan",Gegard Mousasi,Dustin Poirier,28,31,188,180,165,204,Male,Male,62,83,Karate,Judo,American Top Team,AKA,3,1,01:00,Submission,Fighter 2,Rear-Naked Choke,85,38,2,2,0,0
10,ONE 160,"Las Vegas, NV",Gegard Mousasi,Holly Holm,26,34,175,161,163,194,Female,Male,65,66,Muay Thai,Judo,American Top Team,Chute Boxe,4,2,02:00,KO,Fighter 1,Punch,141,76,4,0,2,0
11,UFC 251,"Las Vegas, NV",Patricio Pitbull,Jorge Masvidal,25,27,189,161,167,198,Male,Female,62,85,Muay Thai,Boxing,Tiger Muay Thai,Tristar Gym,4,1,02:00,KO,Fighter 2,Punch,75,118,3,2,2,1
12,Cage Warriors 113,"Tokyo, Japan",Gegard Mousasi,Jorge Masvidal,35,32,185,177,202,172,Female,Male,63,66,Wrestling,Boxing,Nova Uniao,Xtreme Couture,4,4,03:00,Decision,Fighter 2,Rear-Naked Choke,149,48,2,1,1,2
13,Cage Warriors 113,"Tokyo, Japan",Kamaru Usman,Michael Chandler,30,30,161,162,180,172,Female,Male,77,63,Karate,Karate,City Kickboxing,Alliance MMA,4,4,01:00,Submission,Fighter 1,Rear-Naked Choke,111,69,1,0,1,1
14,UFC 251,Singapore,Valentina Shevchenko,Thiago Santos,34,32,194,178,183,203,Male,Female,83,78,Wrestling,Judo,Nova Uniao,Alliance MMA,3,2,04:00,Decision,Fighter 1,Punch,147,114,1,5,0,0
15,KSW 55,"Tokyo, Japan",Valentina Shevchenko,Douglas Lima,28,34,160,189,197,161,Male,Male,63,85,Kickboxing,Judo,Nova Uniao,Alliance MMA,4,4,02:00,Submission,Fighter 2,Punch,147,106,2,3,0,2
16,KSW 55,"London, UK",Gegard Mousasi,Dustin Poirier,27,31,177,175,176,195,Male,Male,60,62,Kickboxing,Brazilian Jiu-Jitsu,City Kickboxing,Xtreme Couture,4,4,03:00,Decision,Fighter 2,Rear-Naked Choke,77,98,2,0,0,0
17,Cage Warriors 113,Singapore,Kamaru Usman,Jorge Masvidal,28,34,172,190,172,162,Female,Female,72,87,Karate,Sanda,Jackson-Wink MMA,Chute Boxe,3,1,01:00,KO,Fighter 2,Punch,52,119,4,4,0,0
18,Bellator 222,Singapore,Valentina Shevchenko,Thiago Santos,26,38,185,191,175,194,Male,Female,86,81,Wrestling,Brazilian Jiu-Jitsu,Nova Uniao,AKA,3,1,04:00,Decision,Fighter 1,Unanimous Decision,78,24,0,2,0,2
19,Pride 30,"Las Vegas, NV",Conor McGregor,Holly Holm,29,38,186,161,188,164,Female,Female,82,83,Wrestling,Karate,Nova Uniao,Alliance MMA,3,4,02:00,Decision,Fighter 1,Punch,101,25,0,4,1,1
20,UFC 251,"London, UK",Valentina Shevchenko,Holly Holm,32,39,168,180,184,164,Male,Female,80,73,Brazilian Jiu-Jitsu,Brazilian Jiu-Jitsu,City Kickboxing,Alliance MMA,4,3,01:00,Submission,Fighter 1,Unanimous Decision,80,62,0,4,1,1
21,Cage Warriors 113,"Las Vegas, NV",Jon Jones,Jorge Masvidal,26,34,173,178,185,195,Male,Female,74,81,Muay Thai,Karate,American Top Team,AKA,3,2,04:00,KO,Fighter 2,Unanimous Decision,53,62,5,3,1,1
22,KSW 55,"Tokyo, Japan",Gegard Mousasi,Douglas Lima,37,33,187,178,194,193,Female,Male,67,82,Kickboxing,Karate,City Kickboxing,AKA,4,2,04:00,Submission,Fighter 1,Punch,39,99,2,3,1,0
23,KSW 55,"London, UK",Valentina Shevchenko,Dustin Poirier,35,34,183,171,187,170,Male,Male,72,64,Brazilian Jiu-Jitsu,Brazilian Jiu-Jitsu,American Top Team,Chute Boxe,4,1,03:00,KO,Fighter 2,Rear-Naked Choke,104,27,5,3,2,0
24,Pride 30,"Las Vegas, NV",Patricio Pitbull,Douglas Lima,38,32,165,166,186,168,Female,Male,83,73,Karate,Karate,American Top Team,Chute Boxe,4,2,03:00,KO,Fighter 2,Unanimous Decision,81,96,2,1,0,0
25,UFC 251,"Tokyo, Japan",Patricio Pitbull,Dustin Poirier,34,26,167,166,199,202,Female,Female,79,94,Wrestling,Sanda,American Top Team,Alliance MMA,3,4,02:00,Decision,Fighter 2,Rear-Naked Choke,130,86,2,3,1,0
26,KSW 55,"Warsaw, Poland",Valentina Shevchenko,Douglas Lima,27,27,175,181,171,178,Female,Male,92,63,Muay Thai,Sanda,Jackson-Wink MMA,AKA,3,4,02:00,KO,Fighter 2,Unanimous Decision,77,77,4,1,1,2
27,Pride 30,"Tokyo, Japan",Patricio Pitbull,Dustin Poirier,26,30,167,178,187,197,Female,Male,66,92,Kickboxing,Sanda,Nova Uniao,Tristar Gym,4,4,03:00,KO,Fighter 1,Unanimous Decision,135,81,3,1,2,1
28,Bellator 222,"Las Vegas, NV",Patricio Pitbull,Thiago Santos,31,26,191,170,186,195,Male,Male,71,68,Karate,Sanda,Tiger Muay Thai,Tristar Gym,4,4,03:00,Submission,Fighter 1,Unanimous Decision,89,99,0,2,0,0
29,Pride 30,"Warsaw, Poland",Gegard Mousasi,Dustin Poirier,29,37,181,160,199,172,Male,Male,79,73,Karate,Judo,American Top Team,Chute Boxe,4,3,04:00,KO,Fighter 1,Punch,132,126,5,3,0,1
30,Pride 30,"Las Vegas, NV",Kamaru Usman,Holly Holm,33,33,188,178,196,192,Male,Female,71,81,Kickboxing,Brazilian Jiu-Jitsu,City Kickboxing,Chute Boxe,4,2,01:00,Submission,Fighter 1,Unanimous Decision,107,47,5,0,2,2
31,ONE 160,Singapore,Conor McGregor,Douglas Lima,26,30,193,175,161,164,Male,Male,88,72,Brazilian Jiu-Jitsu,Sanda,Tiger Muay Thai,Xtreme Couture,4,3,02:00,Decision,Fighter 1,Rear-Naked Choke,133,35,5,3,1,0
32,UFC 251,"London, UK",Jon Jones,Jorge Masvidal,27,26,168,164,195,167,Male,Female,72,77,Muay Thai,Karate,Tiger Muay Thai,Tristar Gym,4,1,02:00,KO,Fighter 1,Punch,72,113,5,0,2,2
33,KSW 55,"Tokyo, Japan",Kamaru Usman,Thiago Santos,27,35,171,165,188,197,Female,Female,73,74,Kickboxing,Sanda,Tiger Muay Thai,Chute Boxe,4,3,03:00,Decision,Fighter 2,Rear-Naked Choke,149,20,3,2,0,0
34,Cage Warriors 113,"Las Vegas, NV",Kamaru Usman,Michael Chandler,34,26,178,165,184,163,Female,Female,76,68,Karate,Boxing,Tiger Muay Thai,Tristar Gym,4,1,02:00,KO,Fighter 2,Unanimous Decision,113,111,1,3,1,0
35,ONE 160,"Tokyo, Japan",Kamaru Usman,Dustin Poirier,38,33,182,192,188,174,Female,Female,64,80,Muay Thai,Karate,City Kickboxing,Tristar Gym,3,3,04:00,Submission,Fighter 1,Unanimous Decision,108,76,3,0,1,2
36,Pride 30,"London, UK",Conor McGregor,Holly Holm,31,36,188,162,170,195,Male,Female,88,94,Karate,Boxing,City Kickboxing,Alliance MMA,4,4,01:00,Decision,Fighter 1,Unanimous Decision,78,29,4,5,0,2
37,KSW 55,"Warsaw, Poland",Kamaru Usman,Thiago Santos,37,27,193,162,202,161,Female,Male,79,63,Karate,Boxing,Nova Uniao,Tristar Gym,4,4,03:00,Decision,Fighter 2,Unanimous Decision,80,75,2,1,1,2
38,ONE 160,"London, UK",Patricio Pitbull,Dustin Poirier,38,38,179,172,166,187,Male,Male,63,92,Brazilian Jiu-Jitsu,Boxing,American Top Team,Chute Boxe,3,3,03:00,Decision,Fighter 2,Punch,61,37,2,3,2,0
39,Bellator 222,"Tokyo, Japan",Patricio Pitbull,Douglas Lima,26,29,184,189,184,186,Male,Female,79,74,Karate,Karate,Nova Uniao,Tristar Gym,4,4,04:00,Submission,Fighter 2,Rear-Naked Choke,48,35,5,2,1,2
40,Pride 30,"Tokyo, Japan",Jon Jones,Thiago Santos,28,31,191,177,174,169,Female,Male,87,68,Wrestling,Sanda,Jackson-Wink MMA,Xtreme Couture,4,4,04:00,Decision,Fighter 1,Rear-Naked Choke,32,47,2,5,1,1
41,Bellator 222,"Warsaw, Poland",Kamaru Usman,Michael Chandler,34,27,160,179,198,191,Female,Male,80,70,Wrestling,Sanda,Tiger Muay Thai,Alliance MMA,3,1,02:00,KO,Fighter 1,Unanimous Decision,119,136,1,3,0,2
42,Pride 30,"San Diego, CA",Valentina Shevchenko,Michael Chandler,26,36,166,186,181,189,Male,Male,83,86,Kickboxing,Sanda,American Top Team,Chute Boxe,4,2,02:00,KO,Fighter 2,Unanimous Decision,60,119,1,4,2,2
43,UFC 251,"San Diego, CA",Gegard Mousasi,Thiago Santos,36,28,188,181,197,185,Female,Female,67,81,Karate,Brazilian Jiu-Jitsu,Tiger Muay Thai,Tristar Gym,3,4,01:00,Decision,Fighter 2,Rear-Naked Choke,32,64,1,1,2,1
44,UFC 251,"Las Vegas, NV",Valentina Shevchenko,Dustin Poirier,36,29,182,194,198,182,Male,Female,69,79,Karate,Sanda,American Top Team,AKA,4,3,02:00,KO,Fighter 2,Punch,117,65,1,3,2,2
45,ONE 160,"London, UK",Jon Jones,Thiago Santos,39,29,190,189,187,193,Female,Female,91,89,Karate,Judo,Jackson-Wink MMA,Tristar Gym,4,4,03:00,Decision,Fighter 1,Rear-Naked Choke,70,94,3,1,0,0
46,Pride 30,Singapore,Valentina Shevchenko,Holly Holm,33,25,163,168,195,160,Female,Male,63,88,Kickboxing,Sanda,Tiger Muay Thai,AKA,3,2,04:00,Submission,Fighter 1,Punch,55,28,2,0,1,0
47,Pride 30,"Warsaw, Poland",Conor McGregor,Douglas Lima,39,39,194,194,189,161,Male,Female,81,68,Brazilian Jiu-Jitsu,Sanda,Nova Uniao,Tristar Gym,3,3,02:00,Decision,Fighter 1,Rear-Naked Choke,137,51,1,4,1,1
48,Cage Warriors 113,Singapore,Patricio Pitbull,Jorge Masvidal,34,39,166,183,189,198,Male,Female,93,60,Kickboxing,Brazilian Jiu-Jitsu,City Kickboxing,Tristar Gym,4,2,03:00,Submission,Fighter 1,Unanimous Decision,118,45,3,3,2,1
49,KSW 55,"Las Vegas, NV",Gegard Mousasi,Dustin Poirier,31,32,174,183,173,180,Female,Male,87,86,Kickboxing,Sanda,Nova Uniao,Tristar Gym,4,1,04:00,KO,Fighter 2,Rear-Naked Choke,87,20,0,1,2,0
50,ONE 160,"London, UK",Kamaru Usman,Dustin Poirier,25,39,174,162,187,202,Male,Female,90,65,Brazilian Jiu-Jitsu,Karate,Jackson-Wink MMA,Chute Boxe,4,4,01:00,Submission,Fighter 2,Punch,76,116,5,2,1,1
51,KSW 55,"Tokyo, Japan",Kamaru Usman,Jorge Masvidal,35,32,162,173,162,203,Male,Female,93,78,Brazilian Jiu-Jitsu,Sanda,Jackson-Wink MMA,Tristar Gym,3,2,01:00,KO,Fighter 2,Rear-Naked Choke,117,71,3,1,0,0
52,Bellator 222,"Tokyo, Japan",Valentina Shevchenko,Douglas Lima,38,39,173,170,196,179,Female,Male,66,64,Kickboxing,Boxing,American Top Team,Chute Boxe,4,4,04:00,Submission,Fighter 1,Unanimous Decision,82,110,1,4,0,0
53,Pride 30,"Tokyo, Japan",Valentina Shevchenko,Michael Chandler,37,32,188,172,168,187,Female,Male,87,82,Karate,Karate,City Kickboxing,Chute Boxe,3,2,04:00,KO,Fighter 1,Unanimous Decision,76,112,3,0,0,2
54,UFC 251,Singapore,Valentina Shevchenko,Thiago Santos,39,34,178,181,161,195,Female,Male,65,76,Karate,Sanda,Nova Uniao,Xtreme Couture,4,3,04:00,Decision,Fighter 2,Rear-Naked Choke,137,39,3,3,0,1
55,Cage Warriors 113,"Las Vegas, NV",Patricio Pitbull,Jorge Masvidal,39,30,177,175,183,188,Male,Male,90,90,Karate,Judo,City Kickboxing,Xtreme Couture,4,2,03:00,Submission,Fighter 1,Punch,71,80,0,1,1,0
56,Cage Warriors 113,"Tokyo, Japan",Gegard Mousasi,Thiago Santos,36,29,180,174,198,197,Male,Female,72,84,Kickboxing,Sanda,Tiger Muay Thai,Tristar Gym,3,1,01:00,Submission,Fighter 1,Rear-Naked Choke,114,41,4,5,1,1
57,ONE 160,Singapore,Jon Jones,Jorge Masvidal,27,37,175,171,181,170,Male,Female,69,93,Karate,Brazilian Jiu-Jitsu,American Top Team,Tristar Gym,3,1,04:00,KO,Fighter 1,Unanimous Decision,100,95,5,1,2,1
58,Cage Warriors 113,Singapore,Patricio Pitbull,Thiago Santos,34,26,162,182,163,190,Female,Male,79,76,Muay Thai,Karate,Tiger Muay Thai,Xtreme Couture,4,2,03:00,Submission,Fighter 1,Unanimous Decision,149,39,2,5,1,1
59,Cage Warriors 113,"San Diego, CA",Jon Jones,Holly Holm,39,36,180,188,202,188,Female,Female,86,79,Muay Thai,Karate,City Kickboxing,Tristar Gym,3,1,03:00,Submission,Fighter 1,Rear-Naked Choke,132,66,2,2,1,1
60,KSW 55,"Tokyo, Japan",Kamaru Usman,Holly Holm,28,33,173,194,183,181,Female,Female,89,80,Muay Thai,Karate,American Top Team,AKA,4,3,01:00,KO,Fighter 2,Unanimous Decision,47,90,3,3,2,0
61,Pride 30,Singapore,Jon Jones,Michael Chandler,30,35,178,188,177,204,Male,Male,76,90,Kickboxing,Karate,City Kickboxing,Chute Boxe,4,1,02:00,KO,Fighter 1,Unanimous Decision,118,89,3,3,1,1
62,UFC 251,"Warsaw, Poland",Patricio Pitbull,Thiago Santos,28,32,180,193,165,160,Female,Female,83,72,Brazilian Jiu-Jitsu,Judo,Jackson-Wink MMA,AKA,3,3,03:00,KO,Fighter 1,Unanimous Decision,113,63,2,0,2,1
63,ONE 160,"Las Vegas, NV",Gegard Mousasi,Dustin Poirier,38,37,187,186,200,180,Male,Female,79,67,Muay Thai,Karate,Jackson-Wink MMA,Tristar Gym,3,3,03:00,Decision,Fighter 2,Punch,79,20,4,0,0,2
64,KSW 55,"Las Vegas, NV",Gegard Mousasi,Holly Holm,31,27,167,171,172,198,Female,Female,71,89,Muay Thai,Judo,American Top Team,Xtreme Couture,4,1,04:00,Submission,Fighter 2,Punch,90,135,0,4,2,2
65,Bellator 222,Singapore,Kamaru Usman,Thiago Santos,29,27,160,193,165,179,Female,Male,63,76,Karate,Sanda,Nova Uniao,Chute Boxe,4,1,01:00,Decision,Fighter 2,Punch,45,41,2,2,1,0
66,UFC 251,"London, UK",Patricio Pitbull,Douglas Lima,26,25,183,192,182,204,Female,Male,93,79,Muay Thai,Boxing,Jackson-Wink MMA,AKA,4,2,02:00,KO,Fighter 2,Rear-Naked Choke,125,108,1,2,1,1
67,UFC 251,"London, UK",Valentina Shevchenko,Dustin Poirier,27,33,162,172,171,177,Male,Female,86,87,Wrestling,Brazilian Jiu-Jitsu,Jackson-Wink MMA,AKA,4,1,03:00,Decision,Fighter 2,Punch,94,95,5,4,2,2
68,ONE 160,"Warsaw, Poland",Gegard Mousasi,Dustin Poirier,27,26,168,182,190,166,Male,Female,68,85,Brazilian Jiu-Jitsu,Karate,Tiger Muay Thai,Tristar Gym,4,1,04:00,Submission,Fighter 1,Unanimous Decision,60,68,1,1,1,2
69,Cage Warriors 113,"Warsaw, Poland",Jon Jones,Thiago Santos,34,30,194,181,184,165,Male,Male,69,94,Brazilian Jiu-Jitsu,Judo,Nova Uniao,Chute Boxe,4,4,04:00,Decision,Fighter 1,Rear-Naked Choke,30,65,1,4,1,2
70,Pride 30,"San Diego, CA",Patricio Pitbull,Michael Chandler,25,32,189,193,164,178,Male,Male,90,71,Kickboxing,Judo,Jackson-Wink MMA,Tristar Gym,4,1,01:00,Decision,Fighter 1,Unanimous Decision,95,68,3,1,2,0
71,ONE 160,Singapore,Valentina Shevchenko,Jorge Masvidal,39,35,161,161,161,168,Female,Female,84,62,Karate,Judo,American Top Team,Xtreme Couture,3,2,03:00,Decision,Fighter 2,Rear-Naked Choke,31,139,1,4,0,1
72,KSW 55,"Warsaw, Poland",Valentina Shevchenko,Holly Holm,28,32,172,173,202,178,Female,Male,81,78,Muay Thai,Sanda,Jackson-Wink MMA,Tristar Gym,3,2,01:00,KO,Fighter 1,Rear-Naked Choke,79,70,2,5,0,1
73,ONE 160,"Las Vegas, NV",Patricio Pitbull,Michael Chandler,30,39,174,166,198,172,Male,Female,79,85,Karate,Karate,Tiger Muay Thai,Chute Boxe,4,4,01:00,Decision,Fighter 1,Rear-Naked Choke,104,82,3,0,2,2
74,ONE 160,Singapore,Jon Jones,Thiago Santos,32,29,163,193,165,180,Male,Female,68,93,Karate,Karate,American Top Team,Chute Boxe,4,3,01:00,KO,Fighter 2,Punch,128,74,3,5,0,1
75,KSW 55,"Tokyo, Japan",Jon Jones,Michael Chandler,32,29,170,174,191,203,Male,Male,69,66,Kickboxing,Boxing,City Kickboxing,Tristar Gym,3,4,02:00,Submission,Fighter 2,Punch,37,138,5,4,1,1
76,UFC 260,"Los Angeles, CA",Israel Adesanya,Robert Whittaker,39,32,176,184,182,198,Female,Female,74,92,Brazilian Jiu-Jitsu,Brazilian Jiu-Jitsu,American Top Team,Chute Boxe,3,1,03:00,Decision,Fighter 1,Punch,132,71,2,2,2,2
77,ONE 180,"Warsaw, Poland",Israel Adesanya,Amanda Nunes,29,29,163,163,171,163,Female,Male,87,103,Kickboxing,Brazilian Jiu-Jitsu,Nova Uniao,Alliance MMA,4,3,03:00,Decision,Fighter 1,Unanimous Decision,74,53,5,4,2,2
78,Cage Warriors 120,Singapore,Stipe Miocic,Jose Aldo,34,37,175,193,196,169,Male,Male,60,63,Kickboxing,Karate,American Top Team,Tristar Gym,3,3,04:00,Submission,Fighter 2,Unanimous Decision,46,66,2,2,1,0
79,Cage Warriors 120,"Los Angeles, CA",Francis Ngannou,Daniel Cormier,38,34,193,174,198,200,Male,Male,115,100,Kickboxing,Brazilian Jiu-Jitsu,American Top Team,Xtreme Couture,3,2,04:00,Decision,Fighter 2,Unanimous Decision,65,21,0,3,1,1
80,UFC 260,"Warsaw, Poland",Francis Ngannou,Daniel Cormier,33,28,192,185,179,178,Male,Female,116,71,Muay Thai,Judo,Tiger Muay Thai,Xtreme Couture,3,4,04:00,KO,Fighter 2,Unanimous Decision,45,90,2,3,1,1
81,KSW 60,Singapore,Francis Ngannou,Robert Whittaker,35,35,184,185,194,169,Male,Female,115,82,Kickboxing,Boxing,Jackson-Wink MMA,Xtreme Couture,3,2,01:00,KO,Fighter 2,Rear-Naked Choke,125,115,5,4,0,1
82,Pride 34,"Tokyo, Japan",Khabib Nurmagomedov,Robert Whittaker,26,30,169,164,188,198,Male,Female,87,89,Brazilian Jiu-Jitsu,Brazilian Jiu-Jitsu,Nova Uniao,Alliance MMA,3,1,02:00,Submission,Fighter 1,Punch,75,43,1,3,1,1
83,Cage Warriors 120,"Los Angeles, CA",Stipe Miocic,Amanda Nunes,32,26,177,184,202,194,Male,Female,83,99,Brazilian Jiu-Jitsu,Brazilian Jiu-Jitsu,City Kickboxing,Xtreme Couture,4,3,01:00,Submission,Fighter 1,Punch,120,136,4,5,2,0
84,KSW 60,"Warsaw, Poland",Joanna Jedrzejczyk,Max Holloway,35,37,190,166,167,167,Female,Male,76,119,Muay Thai,Karate,City Kickboxing,Tristar Gym,3,1,01:00,KO,Fighter 2,Rear-Naked Choke,104,45,2,3,2,2
85,Bellator 240,"Los Angeles, CA",Joanna Jedrzejczyk,Amanda Nunes,37,28,167,175,179,188,Male,Male,96,84,Wrestling,Judo,American Top Team,Chute Boxe,4,3,04:00,Submission,Fighter 2,Rear-Naked Choke,71,53,2,2,0,2
86,Cage Warriors 120,Singapore,Stipe Miocic,Daniel Cormier,34,37,189,185,172,188,Female,Female,101,96,Karate,Brazilian Jiu-Jitsu,City Kickboxing,Alliance MMA,4,4,02:00,Submission,Fighter 1,Unanimous Decision,61,57,3,2,0,0
87,KSW 60,"Warsaw, Poland",Israel Adesanya,Jose Aldo,32,31,174,182,196,165,Male,Male,75,69,Wrestling,Judo,American Top Team,AKA,4,3,01:00,Decision,Fighter 1,Unanimous Decision,142,112,5,2,1,2
88,KSW 60,"New York, NY",Khabib Nurmagomedov,Robert Whittaker,26,28,170,186,204,198,Female,Male,73,69,Muay Thai,Judo,Nova Uniao,Tristar Gym,3,2,01:00,Submission,Fighter 2,Punch,121,80,4,5,0,2
89,UFC 260,"New York, NY",Francis Ngannou,Daniel Cormier,37,30,163,180,184,198,Male,Female,107,106,Wrestling,Judo,American Top Team,AKA,4,1,02:00,Decision,Fighter 2,Unanimous Decision,128,70,3,3,1,2
90,ONE 180,"New York, NY",Khabib Nurmagomedov,Amanda Nunes,25,35,167,186,171,203,Male,Female,90,60,Muay Thai,Judo,Jackson-Wink MMA,Tristar Gym,4,1,04:00,Decision,Fighter 1,Rear-Naked Choke,54,99,0,2,1,2
91,KSW 60,"Warsaw, Poland",Stipe Miocic,Jose Aldo,29,25,179,179,174,192,Female,Male,115,116,Brazilian Jiu-Jitsu,Karate,American Top Team,Xtreme Couture,3,4,02:00,Submission,Fighter 2,Punch,86,106,1,0,1,2
92,Pride 34,"Los Angeles, CA",Joanna Jedrzejczyk,Chris Weidman,28,28,190,177,199,194,Male,Female,91,92,Muay Thai,Karate,Tiger Muay Thai,Alliance MMA,3,1,02:00,Decision,Fighter 2,Punch,65,66,5,0,0,1
93,KSW 60,Singapore,Khabib Nurmagomedov,Chris Weidman,26,28,191,176,161,169,Female,Female,70,80,Kickboxing,Karate,Tiger Muay Thai,Tristar Gym,3,4,03:00,KO,Fighter 2,Punch,98,40,1,2,1,0
94,Cage Warriors 120,"New York, NY",Israel Adesanya,Max Holloway,27,26,161,166,168,183,Male,Female,113,69,Muay Thai,Karate,Nova Uniao,Alliance MMA,4,2,04:00,Decision,Fighter 2,Unanimous Decision,149,107,3,1,0,2
95,ONE 180,"Tokyo, Japan",Israel Adesanya,Daniel Cormier,39,25,185,186,195,180,Female,Male,114,87,Brazilian Jiu-Jitsu,Sanda,City Kickboxing,Chute Boxe,3,4,04:00,Decision,Fighter 1,Unanimous Decision,94,30,0,4,1,0
96,Bellator 240,"Paris, France",Francis Ngannou,Chris Weidman,29,33,174,161,177,169,Male,Female,73,76,Wrestling,Brazilian Jiu-Jitsu,Tiger Muay Thai,Xtreme Couture,3,4,01:00,KO,Fighter 2,Unanimous Decision,50,101,1,4,1,1
97,Cage Warriors 120,"Los Angeles, CA",Anderson Silva,Max Holloway,39,26,164,161,162,190,Male,Male,80,92,Karate,Karate,American Top Team,AKA,4,2,04:00,Decision,Fighter 2,Punch,58,53,0,5,0,1
98,KSW 60,Singapore,Francis Ngannou,Robert Whittaker,27,29,180,173,196,190,Female,Female,81,104,Muay Thai,Brazilian Jiu-Jitsu,City Kickboxing,Chute Boxe,4,3,01:00,Decision,Fighter 2,Rear-Naked Choke,101,21,3,4,1,1
99,ONE 180,"Tokyo, Japan",Israel Adesanya,Amanda Nunes,31,33,167,174,174,183,Male,Female,103,107,Brazilian Jiu-Jitsu,Boxing,American Top Team,Alliance MMA,3,3,02:00,KO,Fighter 1,Rear-Naked Choke,57,52,2,3,2,2
100,UFC 260,"Tokyo, Japan",Anderson Silva,Jose Aldo,35,26,162,173,162,176,Male,Female,81,114,Wrestling,Brazilian Jiu-Jitsu,Nova Uniao,Chute Boxe,3,3,02:00,Submission,Fighter 1,Unanimous Decision,76,78,4,1,0,1
101,Cage Warriors 120,"Paris, France",Khabib Nurmagomedov,Jose Aldo,27,34,190,167,204,204,Male,Male,73,65,Kickboxing,Judo,Tiger Muay Thai,AKA,3,2,03:00,KO,Fighter 1,Rear-Naked Choke,67,39,4,4,1,0
102,Pride 34,"Paris, France",Israel Adesanya,Jose Aldo,34,37,188,191,190,178,Male,Male,79,76,Kickboxing,Sanda,Tiger Muay Thai,Xtreme Couture,4,3,02:00,Submission,Fighter 1,Unanimous Decision,90,61,0,4,1,0
103,Pride 34,"Los Angeles, CA",Francis Ngannou,Amanda Nunes,38,31,191,176,171,193,Female,Male,104,108,Muay Thai,Judo,Tiger Muay Thai,Xtreme Couture,4,2,03:00,KO,Fighter 1,Punch,92,54,5,3,2,0
104,Bellator 240,"New York, NY",Joanna Jedrzejczyk,Daniel Cormier,30,36,168,164,162,162,Female,Male,71,74,Brazilian Jiu-Jitsu,Karate,City Kickboxing,AKA,3,2,04:00,KO,Fighter 2,Punch,72,38,1,0,1,2
105,UFC 260,"Warsaw, Poland",Khabib Nurmagomedov,Chris Weidman,32,33,176,171,162,189,Female,Male,77,75,Wrestling,Sanda,City Kickboxing,AKA,3,4,03:00,KO,Fighter 1,Punch,60,41,2,4,0,0
106,Pride 34,"New York, NY",Joanna Jedrzejczyk,Jose Aldo,34,37,187,178,183,173,Male,Male,66,89,Brazilian Jiu-Jitsu,Judo,Jackson-Wink MMA,AKA,3,1,02:00,Decision,Fighter 1,Punch,102,88,4,5,0,2
107,KSW 60,"New York, NY",Israel Adesanya,Daniel Cormier,35,30,180,179,164,189,Female,Male,76,97,Kickboxing,Judo,Nova Uniao,AKA,4,1,02:00,Decision,Fighter 1,Rear-Naked Choke,127,114,3,5,2,2
108,Bellator 240,"Paris, France",Francis Ngannou,Max Holloway,30,26,171,187,165,167,Female,Male,84,100,Kickboxing,Brazilian Jiu-Jitsu,American Top Team,Alliance MMA,4,1,02:00,KO,Fighter 1,Unanimous Decision,86,27,2,4,0,0
109,Cage Warriors 120,"Paris, France",Francis Ngannou,Daniel Cormier,28,29,172,190,179,166,Male,Female,76,83,Muay Thai,Karate,American Top Team,Xtreme Couture,3,3,04:00,KO,Fighter 1,Unanimous Decision,133,79,3,2,2,2
110,KSW 60,"Warsaw, Poland",Stipe Miocic,Robert Whittaker,33,30,168,172,161,183,Female,Male,99,71,Muay Thai,Karate,Nova Uniao,Tristar Gym,4,2,04:00,Decision,Fighter 2,Punch,125,49,1,4,2,1
111,Cage Warriors 120,"Tokyo, Japan",Francis Ngannou,Jose Aldo,31,35,190,176,186,202,Male,Female,82,113,Muay Thai,Brazilian Jiu-Jitsu,Tiger Muay Thai,Xtreme Couture,3,2,02:00,Decision,Fighter 2,Unanimous Decision,101,26,3,4,2,1
112,UFC 260,"Paris, France",Francis Ngannou,Max Holloway,38,28,165,165,191,183,Female,Male,96,61,Brazilian Jiu-Jitsu,Brazilian Jiu-Jitsu,Tiger Muay Thai,Alliance MMA,4,3,02:00,Decision,Fighter 1,Rear-Naked Choke,50,66,2,3,0,0
113,UFC 260,"Paris, France",Khabib Nurmagomedov,Robert Whittaker,34,28,177,187,169,184,Female,Female,101,93,Brazilian Jiu-Jitsu,Sanda,Tiger Muay Thai,AKA,3,2,04:00,Decision,Fighter 2,Unanimous Decision,136,42,5,5,1,2
114,KSW 60,Singapore,Joanna Jedrzejczyk,Jose Aldo,28,31,190,169,172,171,Female,Female,71,73,Kickboxing,Judo,American Top Team,Xtreme Couture,4,2,01:00,KO,Fighter 2,Unanimous Decision,148,38,0,3,1,2
115,KSW 60,Singapore,Anderson Silva,Jose Aldo,32,29,162,194,200,189,Female,Male,114,71,Muay Thai,Brazilian Jiu-Jitsu,Tiger Muay Thai,Chute Boxe,4,4,01:00,Decision,Fighter 1,Rear-Naked Choke,115,90,1,2,2,2
116,UFC 260,"New York, NY",Khabib Nurmagomedov,Chris Weidman,38,37,191,180,184,197,Female,Male,96,67,Kickboxing,Judo,American Top Team,Alliance MMA,4,1,04:00,Decision,Fighter 1,Punch,81,97,1,0,2,2
117,UFC 260,"Paris, France",Khabib Nurmagomedov,Daniel Cormier,38,30,172,161,188,174,Female,Female,60,76,Wrestling,Karate,Jackson-Wink MMA,Chute Boxe,4,2,04:00,KO,Fighter 1,Unanimous Decision,143,54,4,5,1,1
118,Cage Warriors 120,"Paris, France",Khabib Nurmagomedov,Chris Weidman,28,39,189,179,180,201,Female,Female,110,88,Wrestling,Sanda,Tiger Muay Thai,Alliance MMA,4,3,04:00,Submission,Fighter 2,Punch,130,131,5,0,0,1
119,UFC 260,"New York, NY",Joanna Jedrzejczyk,Chris Weidman,38,38,188,178,201,200,Female,Male,100,88,Muay Thai,Boxing,City Kickboxing,Tristar Gym,3,2,01:00,KO,Fighter 2,Rear-Naked Choke,39,119,4,4,2,2
120,Bellator 240,"Paris, France",Anderson Silva,Amanda Nunes,38,32,177,186,189,193,Female,Female,119,101,Brazilian Jiu-Jitsu,Boxing,Jackson-Wink MMA,Chute Boxe,4,3,03:00,Decision,Fighter 1,Unanimous Decision,148,23,4,3,1,0
121,KSW 60,"Paris, France",Khabib Nurmagomedov,Daniel Cormier,33,26,176,161,183,192,Male,Male,82,61,Brazilian Jiu-Jitsu,Boxing,Tiger Muay Thai,Tristar Gym,3,4,04:00,KO,Fighter 1,Punch,141,88,1,2,1,1
122,UFC 260,"Tokyo, Japan",Israel Adesanya,Jose Aldo,35,32,171,178,170,178,Male,Male,116,115,Brazilian Jiu-Jitsu,Judo,Tiger Muay Thai,Tristar Gym,3,3,02:00,KO,Fighter 1,Unanimous Decision,85,42,1,2,2,2
123,UFC 260,"Warsaw, Poland",Khabib Nurmagomedov,Max Holloway,34,33,166,181,203,179,Female,Female,94,76,Kickboxing,Judo,Nova Uniao,AKA,3,3,02:00,KO,Fighter 1,Rear-Naked Choke,149,21,1,4,2,1
124,Pride 34,"Paris, France",Stipe Miocic,Chris Weidman,34,32,174,172,179,196,Female,Female,105,89,Wrestling,Boxing,Tiger Muay Thai,Alliance MMA,3,4,01:00,Submission,Fighter 1,Punch,96,57,5,2,2,1
125,Cage Warriors 120,"Tokyo, Japan",Francis Ngannou,Amanda Nunes,32,36,193,186,180,193,Female,Female,95,105,Wrestling,Sanda,Jackson-Wink MMA,AKA,3,4,02:00,Submission,Fighter 2,Rear-Naked Choke,73,92,2,5,2,1
126,Cage Warriors 125,"Warsaw, Poland",Valentina Shevchenko,Jose Aldo,36,25,192,177,201,169,Female,Female,85,98,Karate,Judo,Jackson-Wink MMA,Xtreme Couture,3,2,03:00,KO,Fighter 2,Unanimous Decision,89,134,0,5,1,2
127,KSW 50,Singapore,Valentina Shevchenko,Jose Aldo,39,26,179,161,179,189,Male,Female,60,111,Brazilian Jiu-Jitsu,Sanda,City Kickboxing,Chute Boxe,4,4,04:00,Submission,Fighter 2,Punch,110,64,4,3,2,0
128,KSW 50,"London, UK",Khabib Nurmagomedov,Dustin Poirier,33,36,163,192,163,179,Male,Female,94,63,Brazilian Jiu-Jitsu,Boxing,Nova Uniao,Tristar Gym,4,3,03:00,Decision,Fighter 2,Unanimous Decision,48,100,0,4,2,2
129,Bellator 230,Singapore,Valentina Shevchenko,Jon Jones,36,25,164,160,163,160,Female,Male,114,106,Brazilian Jiu-Jitsu,Sanda,Jackson-Wink MMA,AKA,3,4,01:00,Decision,Fighter 2,Rear-Naked Choke,118,57,0,3,0,0
130,Pride 35,"Tokyo, Japan",Valentina Shevchenko,Holly Holm,37,36,169,175,199,173,Female,Female,77,82,Karate,Judo,Nova Uniao,Xtreme Couture,3,4,04:00,Decision,Fighter 1,Punch,77,64,1,4,2,1
131,UFC 270,"Tokyo, Japan",Conor McGregor,Jon Jones,39,34,177,162,183,168,Male,Female,77,109,Wrestling,Boxing,City Kickboxing,AKA,4,2,04:00,Decision,Fighter 1,Punch,73,106,1,4,1,0
132,ONE 170,"Tokyo, Japan",Amanda Nunes,Jon Jones,33,29,162,189,168,162,Male,Male,97,64,Kickboxing,Brazilian Jiu-Jitsu,Jackson-Wink MMA,AKA,4,1,02:00,Decision,Fighter 1,Rear-Naked Choke,107,108,1,0,1,0
133,KSW 50,"Las Vegas, NV",Francis Ngannou,Jon Jones,33,30,161,194,186,196,Male,Female,78,61,Wrestling,Karate,City Kickboxing,AKA,3,4,02:00,Submission,Fighter 1,Unanimous Decision,120,72,3,0,0,2
134,UFC 270,"London, UK",Israel Adesanya,Holly Holm,29,31,188,165,194,166,Female,Female,112,89,Kickboxing,Sanda,American Top Team,Tristar Gym,3,2,02:00,KO,Fighter 2,Unanimous Decision,137,139,5,2,1,2
135,UFC 270,"Los Angeles, CA",Conor McGregor,Jose Aldo,31,34,184,178,172,195,Female,Female,112,107,Muay Thai,Sanda,American Top Team,Tristar Gym,3,4,03:00,Submission,Fighter 2,Unanimous Decision,101,30,5,3,1,0
136,Bellator 230,"Warsaw, Poland",Francis Ngannou,Jose Aldo,25,36,177,192,189,204,Male,Male,82,87,Wrestling,Judo,City Kickboxing,Xtreme Couture,3,1,02:00,Submission,Fighter 1,Punch,70,128,2,0,2,2
137,Cage Warriors 125,Singapore,Khabib Nurmagomedov,Holly Holm,34,29,170,180,193,173,Male,Male,112,82,Wrestling,Boxing,American Top Team,AKA,3,2,02:00,Decision,Fighter 1,Rear-Naked Choke,138,126,2,3,2,0
138,UFC 270,"Warsaw, Poland",Francis Ngannou,Holly Holm,25,30,177,189,171,188,Female,Female,110,76,Muay Thai,Boxing,Tiger Muay Thai,Chute Boxe,4,1,02:00,Submission,Fighter 1,Unanimous Decision,45,139,1,0,0,1
139,Cage Warriors 125,"Las Vegas, NV",Valentina Shevchenko,Dustin Poirier,39,35,185,194,200,190,Male,Female,71,95,Kickboxing,Sanda,American Top Team,Chute Boxe,3,1,03:00,Decision,Fighter 1,Punch,61,117,0,5,1,2
140,KSW 50,Singapore,Valentina Shevchenko,Max Holloway,33,34,187,170,182,164,Male,Female,78,96,Wrestling,Brazilian Jiu-Jitsu,American Top Team,Xtreme Couture,3,3,02:00,Decision,Fighter 1,Punch,127,84,4,0,0,2
141,Cage Warriors 125,"London, UK",Israel Adesanya,Robert Whittaker,29,28,161,166,187,198,Female,Male,81,80,Brazilian Jiu-Jitsu,Boxing,Tiger Muay Thai,Alliance MMA,4,2,03:00,Decision,Fighter 2,Rear-Naked Choke,73,46,0,3,2,2
142,ONE 170,"Las Vegas, NV",Francis Ngannou,Robert Whittaker,30,32,186,188,204,193,Male,Female,64,115,Wrestling,Boxing,American Top Team,AKA,4,4,02:00,Decision,Fighter 1,Unanimous Decision,39,43,0,5,0,1
143,ONE 170,"Tokyo, Japan",Francis Ngannou,Holly Holm,26,30,176,193,175,191,Male,Female,113,114,Brazilian Jiu-Jitsu,Sanda,Jackson-Wink MMA,Chute Boxe,4,1,02:00,Decision,Fighter 1,Unanimous Decision,135,134,0,4,0,0
144,ONE 170,"Warsaw, Poland",Conor McGregor,Robert Whittaker,29,32,181,162,185,187,Male,Female,119,63,Wrestling,Sanda,Jackson-Wink MMA,Chute Boxe,4,2,02:00,Submission,Fighter 1,Punch,106,44,3,5,1,0
145,KSW 50,Singapore,Francis Ngannou,Holly Holm,38,32,170,184,180,176,Female,Male,77,113,Karate,Boxing,Nova Uniao,AKA,4,3,04:00,Decision,Fighter 2,Punch,123,42,5,3,2,2
146,Cage Warriors 125,"Los Angeles, CA",Francis Ngannou,Jon Jones,33,28,179,181,183,204,Female,Male,109,62,Wrestling,Brazilian Jiu-Jitsu,Tiger Muay Thai,Alliance MMA,3,4,01:00,KO,Fighter 1,Rear-Naked Choke,52,92,0,5,1,1
147,UFC 270,"Warsaw, Poland",Francis Ngannou,Holly Holm,27,29,174,177,180,164,Male,Female,97,108,Wrestling,Judo,Jackson-Wink MMA,Tristar Gym,4,4,04:00,Decision,Fighter 1,Punch,73,118,5,1,1,1
148,Cage Warriors 125,"Warsaw, Poland",Khabib Nurmagomedov,Max Holloway,36,39,187,168,177,198,Female,Male,99,65,Kickboxing,Boxing,American Top Team,AKA,3,1,01:00,Decision,Fighter 1,Punch,52,45,4,5,0,0
149,KSW 50,"Los Angeles, CA",Amanda Nunes,Dustin Poirier,26,30,188,188,203,190,Male,Female,80,111,Kickboxing,Judo,Tiger Muay Thai,Alliance MMA,3,3,02:00,KO,Fighter 1,Rear-Naked Choke,97,28,0,0,0,0
150,Bellator 230,"Tokyo, Japan",Conor McGregor,Dustin Poirier,39,28,189,166,184,203,Female,Male,66,65,Wrestling,Brazilian Jiu-Jitsu,Nova Uniao,Tristar Gym,3,2,02:00,KO,Fighter 2,Unanimous Decision,33,110,4,0,1,2
151,Bellator 230,"Warsaw, Poland",Amanda Nunes,Holly Holm,28,34,177,173,200,185,Male,Male,89,73,Karate,Sanda,Nova Uniao,AKA,3,4,04:00,Submission,Fighter 2,Punch,73,90,1,3,2,0
152,KSW 50,"Las Vegas, NV",Israel Adesanya,Holly Holm,29,32,186,161,179,189,Male,Female,96,70,Muay Thai,Boxing,Tiger Muay Thai,Chute Boxe,3,2,04:00,Decision,Fighter 1,Punch,51,136,1,5,2,2
153,UFC 270,"Warsaw, Poland",Valentina Shevchenko,Max Holloway,34,25,186,173,176,194,Male,Male,65,113,Brazilian Jiu-Jitsu,Sanda,City Kickboxing,Tristar Gym,4,2,03:00,Submission,Fighter 2,Rear-Naked Choke,51,80,1,5,1,0
154,Cage Warriors 125,"London, UK",Khabib Nurmagomedov,Robert Whittaker,28,34,190,185,180,186,Female,Male,114,86,Wrestling,Judo,Nova Uniao,Xtreme Couture,4,3,02:00,Decision,Fighter 2,Punch,93,109,5,1,1,0
155,Cage Warriors 125,Singapore,Amanda Nunes,Holly Holm,29,36,174,191,186,169,Male,Female,96,88,Wrestling,Sanda,Jackson-Wink MMA,AKA,3,2,03:00,KO,Fighter 2,Punch,36,122,1,3,2,1
156,UFC 270,"Las Vegas, NV",Valentina Shevchenko,Robert Whittaker,35,38,186,185,199,203,Female,Female,77,94,Brazilian Jiu-Jitsu,Sanda,American Top Team,Xtreme Couture,3,1,01:00,Submission,Fighter 1,Rear-Naked Choke,99,126,1,3,2,2
157,Bellator 230,"Las Vegas, NV",Amanda Nunes,Jose Aldo,28,33,190,182,177,185,Male,Male,93,80,Kickboxing,Karate,City Kickboxing,Xtreme Couture,4,3,04:00,KO,Fighter 2,Punch,131,124,3,2,2,2
158,Bellator 230,"Warsaw, Poland",Valentina Shevchenko,Dustin Poirier,34,25,180,169,200,177,Male,Male,80,103,Karate,Judo,Nova Uniao,Alliance MMA,4,4,03:00,Submission,Fighter 1,Punch,140,138,3,1,0,0
159,UFC 270,"London, UK",Israel Adesanya,Jon Jones,33,25,160,170,182,160,Male,Female,84,87,Kickboxing,Brazilian Jiu-Jitsu,American Top Team,Xtreme Couture,4,3,02:00,KO,Fighter 1,Rear-Naked Choke,64,22,1,0,1,0
160,ONE 170,"Warsaw, Poland",Valentina Shevchenko,Jose Aldo,25,34,193,188,202,203,Male,Male,109,114,Brazilian Jiu-Jitsu,Judo,City Kickboxing,Chute Boxe,3,2,04:00,Submission,Fighter 2,Rear-Naked Choke,135,70,2,2,0,2
161,KSW 50,"Tokyo, Japan",Conor McGregor,Jose Aldo,38,34,178,168,190,161,Male,Male,70,63,Wrestling,Karate,Jackson-Wink MMA,Tristar Gym,4,4,04:00,Submission,Fighter 1,Punch,83,42,4,2,2,1
162,ONE 170,Singapore,Valentina Shevchenko,Robert Whittaker,26,39,161,176,198,174,Male,Female,82,118,Kickboxing,Judo,American Top Team,AKA,3,1,01:00,Decision,Fighter 1,Punch,129,128,4,2,2,0
163,ONE 170,"Tokyo, Japan",Amanda Nunes,Holly Holm,25,28,173,165,188,177,Female,Female,91,96,Kickboxing,Boxing,City Kickboxing,Xtreme Couture,4,4,01:00,Submission,Fighter 1,Rear-Naked Choke,97,93,3,0,1,1
164,UFC 270,"Tokyo, Japan",Amanda Nunes,Robert Whittaker,27,34,172,183,203,175,Male,Male,64,117,Wrestling,Karate,American Top Team,Alliance MMA,4,4,04:00,Decision,Fighter 1,Punch,51,50,3,3,2,1
165,Bellator 230,Singapore,Valentina Shevchenko,Holly Holm,25,30,179,179,204,165,Female,Female,104,72,Muay Thai,Sanda,American Top Team,Xtreme Couture,4,4,04:00,KO,Fighter 2,Rear-Naked Choke,74,41,0,2,0,2
166,Bellator 230,"Los Angeles, CA",Israel Adesanya,Jon Jones,32,27,182,171,199,188,Male,Male,75,63,Muay Thai,Brazilian Jiu-Jitsu,Tiger Muay Thai,Xtreme Couture,4,2,04:00,KO,Fighter 2,Rear-Naked Choke,79,116,3,0,0,1
167,Pride 35,Singapore,Amanda Nunes,Robert Whittaker,37,26,174,193,202,198,Female,Male,106,109,Kickboxing,Judo,Jackson-Wink MMA,Alliance MMA,4,2,04:00,KO,Fighter 1,Punch,89,108,5,1,0,2
168,UFC 270,"London, UK",Francis Ngannou,Robert Whittaker,32,30,181,170,201,161,Female,Female,96,90,Muay Thai,Sanda,Nova Uniao,Chute Boxe,3,3,03:00,KO,Fighter 2,Unanimous Decision,142,51,5,4,0,1
169,ONE 170,"Las Vegas, NV",Israel Adesanya,Max Holloway,37,38,179,191,177,199,Male,Female,64,73,Brazilian Jiu-Jitsu,Sanda,Nova Uniao,Tristar Gym,3,3,01:00,Submission,Fighter 2,Rear-Naked Choke,57,49,3,5,2,2
170,Bellator 230,Singapore,Francis Ngannou,Holly Holm,32,37,184,186,202,171,Male,Male,77,115,Wrestling,Boxing,Tiger Muay Thai,Tristar Gym,3,4,04:00,KO,Fighter 2,Punch,105,26,0,4,1,0
171,Cage Warriors 125,"Los Angeles, CA",Conor McGregor,Jon Jones,28,37,188,169,190,189,Male,Female,103,98,Karate,Boxing,Nova Uniao,Chute Boxe,3,2,04:00,Decision,Fighter 2,Unanimous Decision,31,47,5,2,0,0
172,UFC 270,Singapore,Conor McGregor,Holly Holm,27,33,164,162,197,191,Male,Male,67,73,Wrestling,Brazilian Jiu-Jitsu,Tiger Muay Thai,Alliance MMA,4,4,04:00,KO,Fighter 2,Unanimous Decision,31,41,5,2,0,0
173,Bellator 230,"London, UK",Valentina Shevchenko,Robert Whittaker,37,33,177,185,202,194,Male,Male,69,109,Wrestling,Judo,Jackson-Wink MMA,Chute Boxe,3,3,02:00,KO,Fighter 1,Unanimous Decision,101,54,1,4,2,2
174,KSW 50,"Los Angeles, CA",Amanda Nunes,Jose Aldo,27,39,179,171,162,191,Female,Female,99,84,Karate,Brazilian Jiu-Jitsu,American Top Team,Xtreme Couture,3,2,02:00,Submission,Fighter 2,Unanimous Decision,84,28,0,0,0,0
175,UFC 270,"Los Angeles, CA",Conor McGregor,Jon Jones,36,26,176,187,186,161,Male,Male,98,84,Wrestling,Sanda,American Top Team,Alliance MMA,3,1,03:00,Submission,Fighter 1,Rear-Naked Choke,109,97,0,2,1,2
176,ONE 170,"Las Vegas, NV",Israel Adesanya,Robert Whittaker,29,32,187,174,188,174,Male,Male,104,61,Muay Thai,Judo,City Kickboxing,Alliance MMA,3,1,02:00,Submission,Fighter 1,Punch,76,112,3,0,0,1
177,Cage Warriors 125,"Los Angeles, CA",Valentina Shevchenko,Holly Holm,31,37,190,168,175,196,Female,Male,69,118,Karate,Judo,Nova Uniao,Chute Boxe,3,3,02:00,KO,Fighter 2,Unanimous Decision,108,58,3,1,2,2
178,Bellator 230,"Warsaw, Poland",Khabib Nurmagomedov,Jon Jones,29,38,168,174,203,167,Male,Male,84,73,Karate,Sanda,Nova Uniao,Tristar Gym,4,3,02:00,Decision,Fighter 2,Punch,126,121,2,3,2,0
179,ONE 170,"London, UK",Valentina Shevchenko,Holly Holm,29,39,182,160,169,183,Male,Female,74,97,Wrestling,Boxing,American Top Team,Xtreme Couture,3,2,01:00,KO,Fighter 2,Unanimous Decision,63,121,5,4,1,1
180,UFC 270,"Warsaw, Poland",Israel Adesanya,Dustin Poirier,25,36,188,186,187,200,Female,Female,91,101,Kickboxing,Boxing,Tiger Muay Thai,Alliance MMA,3,2,04:00,KO,Fighter 2,Rear-Naked Choke,101,93,4,2,1,1
181,ONE 170,"Las Vegas, NV",Valentina Shevchenko,Holly Holm,37,27,190,193,170,168,Female,Female,69,96,Karate,Judo,Nova Uniao,Chute Boxe,3,3,01:00,KO,Fighter 1,Rear-Naked Choke,75,128,5,5,2,2
182,Pride 35,"London, UK",Khabib Nurmagomedov,Robert Whittaker,25,36,176,188,194,192,Female,Male,112,110,Kickboxing,Judo,Tiger Muay Thai,Alliance MMA,3,2,01:00,Submission,Fighter 2,Punch,96,65,2,0,0,1
183,ONE 170,Singapore,Conor McGregor,Holly Holm,27,29,190,192,178,196,Male,Male,93,95,Kickboxing,Karate,City Kickboxing,Chute Boxe,3,2,01:00,Submission,Fighter 2,Punch,131,71,2,5,0,1
184,KSW 50,"Warsaw, Poland",Conor McGregor,Holly Holm,37,38,176,176,180,203,Female,Female,84,80,Karate,Brazilian Jiu-Jitsu,City Kickboxing,AKA,3,2,01:00,Decision,Fighter 2,Rear-Naked Choke,46,113,2,1,1,1
185,Cage Warriors 125,Singapore,Israel Adesanya,Dustin Poirier,35,39,177,183,201,177,Female,Male,81,60,Wrestling,Judo,Tiger Muay Thai,AKA,4,1,03:00,KO,Fighter 1,Rear-Naked Choke,119,138,5,4,1,1
186,UFC 270,Singapore,Valentina Shevchenko,Dustin Poirier,33,36,165,186,200,161,Male,Male,76,109,Brazilian Jiu-Jitsu,Boxing,Jackson-Wink MMA,Tristar Gym,4,1,04:00,Submission,Fighter 2,Punch,69,27,3,2,2,2
187,Cage Warriors 125,"Tokyo, Japan",Francis Ngannou,Robert Whittaker,39,33,177,164,203,201,Male,Male,69,68,Muay Thai,Sanda,City Kickboxing,Xtreme Couture,4,2,03:00,Decision,Fighter 1,Punch,68,53,1,3,0,0
188,UFC 270,"Las Vegas, NV",Conor McGregor,Max Holloway,27,35,192,185,192,193,Male,Female,81,107,Kickboxing,Judo,City Kickboxing,AKA,4,3,04:00,KO,Fighter 1,Rear-Naked Choke,106,89,4,3,0,1
189,KSW 50,"Warsaw, Poland",Valentina Shevchenko,Jose Aldo,39,35,187,190,161,163,Male,Female,99,87,Kickboxing,Karate,City Kickboxing,Chute Boxe,4,2,03:00,KO,Fighter 2,Unanimous Decision,147,41,1,5,2,1
190,Cage Warriors 125,"Tokyo, Japan",Valentina Shevchenko,Jose Aldo,36,37,176,187,174,200,Male,Male,96,115,Brazilian Jiu-Jitsu,Boxing,American Top Team,AKA,3,3,04:00,KO,Fighter 1,Punch,39,56,1,2,0,0
191,ONE 170,"Las Vegas, NV",Conor McGregor,Holly Holm,28,34,178,192,172,160,Male,Male,75,119,Karate,Judo,Nova Uniao,Tristar Gym,3,3,02:00,Submission,Fighter 2,Rear-Naked Choke,110,119,5,3,0,0
192,ONE 170,"London, UK",Khabib Nurmagomedov,Jon Jones,29,29,172,189,186,160,Male,Female,64,61,Brazilian Jiu-Jitsu,Boxing,American Top Team,Alliance MMA,3,4,03:00,Submission,Fighter 2,Punch,75,95,5,2,1,0
193,Bellator 230,"Las Vegas, NV",Amanda Nunes,Robert Whittaker,38,25,193,177,184,185,Male,Female,115,61,Karate,Judo,Jackson-Wink MMA,AKA,3,1,03:00,KO,Fighter 2,Punch,81,50,2,0,2,2
194,Cage Warriors 125,Singapore,Valentina Shevchenko,Robert Whittaker,37,28,164,165,173,163,Female,Male,72,86,Wrestling,Brazilian Jiu-Jitsu,Jackson-Wink MMA,AKA,3,3,03:00,KO,Fighter 2,Rear-Naked Choke,98,39,1,4,2,1
195,Cage Warriors 125,"Los Angeles, CA",Valentina Shevchenko,Jose Aldo,37,27,165,174,199,204,Male,Male,83,78,Brazilian Jiu-Jitsu,Brazilian Jiu-Jitsu,City Kickboxing,AKA,3,2,03:00,Decision,Fighter 1,Rear-Naked Choke,49,26,3,2,0,2
196,KSW 50,"Warsaw, Poland",Israel Adesanya,Jon Jones,37,33,168,176,202,202,Male,Female,88,89,Wrestling,Brazilian Jiu-Jitsu,Tiger Muay Thai,AKA,3,2,01:00,KO,Fighter 2,Rear-Naked Choke,44,61,3,2,2,2
197,UFC 270,"London, UK",Khabib Nurmagomedov,Dustin Poirier,36,27,173,162,163,178,Male,Male,107,84,Muay Thai,Judo,City Kickboxing,Tristar Gym,3,1,02:00,Submission,Fighter 1,Punch,86,136,5,0,2,2
198,Cage Warriors 125,"Los Angeles, CA",Conor McGregor,Holly Holm,28,28,164,193,198,160,Female,Female,81,63,Wrestling,Boxing,Nova Uniao,AKA,4,3,04:00,KO,Fighter 2,Rear-Naked Choke,40,115,4,2,2,0
199,KSW 50,Singapore,Conor McGregor,Holly Holm,30,36,160,175,167,191,Female,Male,62,81,Karate,Judo,City Kickboxing,Alliance MMA,4,1,01:00,KO,Fighter 1,Punch,35,24,2,5,2,1
200,Cage Warriors 125,"Los Angeles, CA",Amanda Nunes,Jose Aldo,29,39,173,188,189,186,Male,Male,71,66,Wrestling,Karate,Tiger Muay Thai,Chute Boxe,3,3,01:00,Submission,Fighter 2,Unanimous Decision,142,75,3,2,0,2
201,KSW 50,"Tokyo, Japan",Amanda Nunes,Max Holloway,33,33,162,170,178,176,Female,Male,103,84,Karate,Karate,Nova Uniao,Chute Boxe,3,3,01:00,Submission,Fighter 2,Punch,116,137,3,3,2,0
202,Bellator 230,"Warsaw, Poland",Conor McGregor,Jose Aldo,27,33,180,171,193,199,Male,Male,110,100,Wrestling,Boxing,Jackson-Wink MMA,Chute Boxe,4,2,02:00,KO,Fighter 2,Unanimous Decision,115,38,3,3,1,1
203,UFC 270,Singapore,Israel Adesanya,Dustin Poirier,28,25,192,165,183,170,Female,Female,110,112,Wrestling,Judo,American Top Team,Alliance MMA,4,2,01:00,Decision,Fighter 2,Rear-Naked Choke,40,44,3,5,2,2
204,Cage Warriors 125,Singapore,Francis Ngannou,Dustin Poirier,35,37,181,174,197,188,Female,Female,106,62,Karate,Karate,Nova Uniao,Chute Boxe,4,1,03:00,Decision,Fighter 2,Punch,49,64,3,0,0,1
205,Pride 35,"Tokyo, Japan",Amanda Nunes,Max Holloway,35,33,170,165,168,197,Female,Female,62,61,Wrestling,Brazilian Jiu-Jitsu,American Top Team,Chute Boxe,4,1,02:00,KO,Fighter 1,Punch,60,125,1,3,2,0
206,Cage Warriors 125,"Warsaw, Poland",Francis Ngannou,Dustin Poirier,30,26,169,179,187,186,Female,Female,79,86,Muay Thai,Karate,Tiger Muay Thai,AKA,4,2,01:00,KO,Fighter 2,Rear-Naked Choke,102,133,3,2,0,1
207,ONE 170,Singapore,Amanda Nunes,Max Holloway,27,38,193,185,195,184,Female,Female,64,114,Muay Thai,Boxing,Tiger Muay Thai,AKA,4,3,03:00,Submission,Fighter 2,Rear-Naked Choke,52,69,5,1,2,0
208,Cage Warriors 125,"Tokyo, Japan",Francis Ngannou,Robert Whittaker,36,34,192,192,173,203,Male,Female,61,83,Kickboxing,Boxing,Nova Uniao,Xtreme Couture,4,2,03:00,Submission,Fighter 1,Unanimous Decision,36,93,5,1,0,1
209,ONE 170,"London, UK",Valentina Shevchenko,Max Holloway,25,33,182,161,180,160,Female,Male,110,101,Wrestling,Judo,American Top Team,Tristar Gym,3,3,02:00,Decision,Fighter 1,Rear-Naked Choke,71,37,1,1,1,0
210,ONE 170,Singapore,Israel Adesanya,Jon Jones,35,33,194,185,195,183,Male,Male,64,71,Karate,Boxing,Nova Uniao,Alliance MMA,4,3,04:00,Submission,Fighter 2,Rear-Naked Choke,119,46,4,2,1,0
211,ONE 170,"Los Angeles, CA",Israel Adesanya,Max Holloway,39,38,165,188,183,198,Female,Male,86,60,Karate,Brazilian Jiu-Jitsu,City Kickboxing,AKA,4,1,02:00,KO,Fighter 1,Rear-Naked Choke,45,54,5,2,0,0
212,Pride 35,"Los Angeles, CA",Khabib Nurmagomedov,Jose Aldo,26,32,182,182,173,174,Male,Male,93,66,Brazilian Jiu-Jitsu,Judo,Nova Uniao,Xtreme Couture,3,2,02:00,Submission,Fighter 1,Punch,34,121,2,5,1,2
213,UFC 270,"Las Vegas, NV",Francis Ngannou,Robert Whittaker,32,31,171,172,191,202,Male,Female,89,114,Wrestling,Brazilian Jiu-Jitsu,Tiger Muay Thai,Tristar Gym,4,4,04:00,Submission,Fighter 2,Rear-Naked Choke,65,103,1,1,0,2
214,Bellator 230,Singapore,Amanda Nunes,Robert Whittaker,28,38,164,190,190,181,Female,Male,67,100,Wrestling,Karate,Tiger Muay Thai,Xtreme Couture,4,2,02:00,Submission,Fighter 2,Rear-Naked Choke,37,85,0,4,0,2
215,UFC 270,"London, UK",Valentina Shevchenko,Jose Aldo,29,28,183,167,189,190,Male,Male,63,90,Karate,Karate,City Kickboxing,Alliance MMA,3,4,02:00,Decision,Fighter 2,Rear-Naked Choke,38,61,1,0,0,0
216,Bellator 230,"Warsaw, Poland",Khabib Nurmagomedov,Jose Aldo,26,29,165,180,186,197,Female,Female,89,83,Karate,Judo,Tiger Muay Thai,Xtreme Couture,4,2,02:00,Submission,Fighter 1,Rear-Naked Choke,136,77,0,3,0,1
217,KSW 50,"Las Vegas, NV",Khabib Nurmagomedov,Jon Jones,33,37,192,174,177,184,Female,Female,101,84,Wrestling,Brazilian Jiu-Jitsu,American Top Team,Alliance MMA,4,4,04:00,Decision,Fighter 1,Rear-Naked Choke,147,108,2,2,2,1
218,UFC 270,"Las Vegas, NV",Valentina Shevchenko,Jon Jones,26,28,169,193,177,204,Female,Male,62,82,Kickboxing,Sanda,Tiger Muay Thai,Chute Boxe,3,2,03:00,Submission,Fighter 1,Unanimous Decision,98,90,3,5,0,1
219,Bellator 230,"Las Vegas, NV",Khabib Nurmagomedov,Dustin Poirier,36,30,194,172,194,174,Male,Male,70,103,Wrestling,Brazilian Jiu-Jitsu,Tiger Muay Thai,Tristar Gym,3,2,01:00,Submission,Fighter 1,Unanimous Decision,36,98,1,2,2,1
220,ONE 170,"Tokyo, Japan",Khabib Nurmagomedov,Dustin Poirier,34,26,181,190,178,193,Female,Female,115,111,Kickboxing,Brazilian Jiu-Jitsu,Nova Uniao,Chute Boxe,4,4,04:00,Decision,Fighter 2,Rear-Naked Choke,84,123,0,3,1,0
221,Pride 35,"Las Vegas, NV",Valentina Shevchenko,Dustin Poirier,38,36,183,164,178,182,Male,Female,97,87,Muay Thai,Karate,American Top Team,Tristar Gym,4,4,01:00,Submission,Fighter 2,Rear-Naked Choke,123,125,2,4,2,1
222,ONE 170,"Los Angeles, CA",Israel Adesanya,Jon Jones,39,39,193,181,190,197,Female,Female,71,77,Muay Thai,Judo,American Top Team,AKA,3,3,02:00,Submission,Fighter 2,Rear-Naked Choke,79,81,4,2,0,1
223,Bellator 230,"London, UK",Israel Adesanya,Jon Jones,38,28,179,188,185,191,Male,Male,91,117,Muay Thai,Brazilian Jiu-Jitsu,City Kickboxing,Chute Boxe,3,4,04:00,KO,Fighter 2,Unanimous Decision,109,64,0,1,1,2
224,KSW 50,"London, UK",Khabib Nurmagomedov,Jose Aldo,26,28,172,165,188,171,Male,Male,76,64,Kickboxing,Karate,Tiger Muay Thai,Tristar Gym,4,4,03:00,KO,Fighter 1,Unanimous Decision,67,27,4,4,2,1
225,Cage Warriors 125,"Los Angeles, CA",Khabib Nurmagomedov,Jose Aldo,26,33,180,169,187,186,Male,Male,115,112,Kickboxing,Karate,City Kickboxing,Chute Boxe,3,4,02:00,KO,Fighter 2,Rear-Naked Choke,37,128,1,5,2,1
326,ONE 195,Singapore,Stephen Thompson,Islam Makhachev,26,38,180,186,195,169,Female,Female,72,93,Wrestling,Karate,American Top Team,Xtreme Couture,4,4,03:00,Submission,Fighter 1,Unanimous Decision,110,36,2,5,2,1
327,Cage Warriors 135,"Tokyo, Japan",Dan Hooker,Yoel Romero,27,37,184,165,204,192,Male,Male,115,118,Muay Thai,Judo,American Top Team,Tristar Gym,3,1,02:00,Submission,Fighter 2,Punch,58,44,1,1,2,1
328,ONE 195,"Rio de Janeiro, Brazil",Charles Oliveira,Yoel Romero,30,34,170,175,195,185,Female,Male,74,74,Muay Thai,Karate,City Kickboxing,Chute Boxe,4,4,02:00,KO,Fighter 2,Rear-Naked Choke,124,33,2,2,1,0
329,Bellator 260,"New York, NY",Israel Adesanya,Rob Font,31,39,162,166,182,176,Female,Female,66,63,Muay Thai,Sanda,City Kickboxing,Alliance MMA,4,1,01:00,KO,Fighter 1,Punch,132,121,4,2,2,2
330,Cage Warriors 135,"Rio de Janeiro, Brazil",Colby Covington,Alexander Gustafsson,36,35,174,162,180,199,Female,Female,61,110,Wrestling,Sanda,American Top Team,Xtreme Couture,3,4,02:00,Decision,Fighter 1,Unanimous Decision,38,93,5,5,0,1
331,Bellator 260,Singapore,Vicente Luque,Raquel Pennington,32,37,166,190,178,160,Female,Female,72,80,Muay Thai,Judo,Jackson-Wink MMA,Xtreme Couture,3,2,02:00,KO,Fighter 1,Rear-Naked Choke,108,119,5,1,0,1
332,UFC 290,"Abu Dhabi, UAE",Stipe Miocic,Yoel Romero,36,37,177,193,204,190,Male,Female,78,62,Wrestling,Brazilian Jiu-Jitsu,Nova Uniao,Chute Boxe,3,2,03:00,Decision,Fighter 2,Unanimous Decision,63,52,0,2,0,1
333,Pride 40,Singapore,Colby Covington,Curtis Blaydes,33,36,188,190,176,187,Male,Male,89,79,Kickboxing,Brazilian Jiu-Jitsu,Nova Uniao,Alliance MMA,3,4,02:00,KO,Fighter 2,Rear-Naked Choke,91,92,1,3,2,1
334,Bellator 260,"Tokyo, Japan",Jiri Prochazka,Rob Font,25,36,165,188,171,176,Female,Male,95,68,Muay Thai,Boxing,American Top Team,Alliance MMA,4,1,03:00,Submission,Fighter 1,Punch,91,85,5,3,1,0
335,KSW 70,Singapore,Israel Adesanya,Magomed Ankalaev,33,33,192,181,169,192,Female,Male,110,69,Wrestling,Brazilian Jiu-Jitsu,Nova Uniao,Chute Boxe,3,3,02:00,Decision,Fighter 1,Unanimous Decision,97,68,1,5,2,0
336,Pride 40,Singapore,Deiveson Figueiredo,Tai Tuivasa,37,34,188,164,172,196,Female,Female,62,73,Kickboxing,Karate,City Kickboxing,Tristar Gym,3,3,04:00,Decision,Fighter 2,Punch,91,82,1,1,0,2
337,Cage Warriors 135,"Warsaw, Poland",Aljamain Sterling,Brian Ortega,29,26,188,186,179,201,Male,Female,111,73,Brazilian Jiu-Jitsu,Boxing,City Kickboxing,AKA,4,1,01:00,KO,Fighter 2,Punch,72,64,2,0,2,1
338,KSW 70,"Abu Dhabi, UAE",Stephen Thompson,Marlon Moraes,27,37,164,187,163,178,Female,Female,114,68,Karate,Karate,American Top Team,Alliance MMA,3,4,03:00,Submission,Fighter 2,Rear-Naked Choke,115,33,0,1,2,0
339,Cage Warriors 135,"Abu Dhabi, UAE",Jan Blachowicz,Belal Muhammad,32,31,189,188,203,179,Male,Male,93,119,Karate,Karate,American Top Team,AKA,4,4,02:00,KO,Fighter 1,Unanimous Decision,91,38,5,2,0,1
340,ONE 195,"Tokyo, Japan",Israel Adesanya,Rob Font,32,38,160,179,197,197,Male,Male,100,94,Kickboxing,Judo,City Kickboxing,Tristar Gym,3,4,04:00,Submission,Fighter 1,Rear-Naked Choke,120,21,2,4,2,0
341,KSW 70,"Rio de Janeiro, Brazil",Kamaru Usman,Ryan Bader,26,32,164,164,163,195,Female,Male,105,116,Muay Thai,Brazilian Jiu-Jitsu,Tiger Muay Thai,Chute Boxe,4,4,01:00,Decision,Fighter 1,Unanimous Decision,59,87,1,0,1,2
342,Cage Warriors 135,"New York, NY",Jan Blachowicz,Ryan Bader,30,36,187,165,161,168,Female,Female,95,77,Kickboxing,Sanda,Jackson-Wink MMA,Xtreme Couture,4,1,01:00,Submission,Fighter 2,Unanimous Decision,144,67,2,1,0,2
343,Pride 40,Singapore,Charles Oliveira,Rob Font,33,32,190,169,180,194,Female,Male,61,72,Karate,Karate,City Kickboxing,Xtreme Couture,3,2,01:00,KO,Fighter 1,Rear-Naked Choke,79,138,0,2,2,2
344,Pride 40,"Rio de Janeiro, Brazil",Rose Namajunas,Curtis Blaydes,36,26,171,168,196,169,Male,Male,87,64,Brazilian Jiu-Jitsu,Karate,Tiger Muay Thai,Chute Boxe,4,1,02:00,Decision,Fighter 1,Unanimous Decision,59,74,5,4,2,1
345,UFC 290,"New York, NY",Stipe Miocic,Dominick Reyes,25,28,167,188,181,198,Male,Female,105,80,Kickboxing,Karate,American Top Team,AKA,3,3,02:00,Decision,Fighter 2,Unanimous Decision,118,56,0,2,1,0
346,Pride 40,"Abu Dhabi, UAE",Jiri Prochazka,Dominick Reyes,27,30,194,178,200,165,Male,Female,66,97,Wrestling,Brazilian Jiu-Jitsu,American Top Team,Xtreme Couture,4,2,04:00,Submission,Fighter 1,Unanimous Decision,110,69,2,0,1,1
347,Cage Warriors 135,"New York, NY",Stipe Miocic,Brian Ortega,36,31,178,181,192,198,Female,Female,113,84,Brazilian Jiu-Jitsu,Judo,Tiger Muay Thai,Tristar Gym,4,1,04:00,Decision,Fighter 1,Unanimous Decision,109,56,2,1,1,2
348,KSW 70,"New York, NY",Glover Teixeira,Tony Ferguson,32,39,176,172,202,171,Male,Female,105,95,Brazilian Jiu-Jitsu,Brazilian Jiu-Jitsu,Jackson-Wink MMA,Alliance MMA,3,1,03:00,KO,Fighter 2,Rear-Naked Choke,87,54,1,1,0,2
349,KSW 70,"Tokyo, Japan",Tatiana Suarez,Raquel Pennington,27,30,173,184,165,184,Male,Male,96,71,Wrestling,Brazilian Jiu-Jitsu,Jackson-Wink MMA,Xtreme Couture,4,4,01:00,KO,Fighter 2,Punch,62,129,1,5,1,2
350,Pride 40,"Warsaw, Poland",Rose Namajunas,Dustin Jacoby,30,39,189,191,172,160,Female,Male,61,86,Karate,Boxing,Jackson-Wink MMA,Tristar Gym,3,2,04:00,Decision,Fighter 1,Unanimous Decision,144,93,3,1,2,1
351,UFC 290,"Rio de Janeiro, Brazil",Stephen Thompson,Corey Anderson,30,30,165,181,200,160,Female,Female,79,110,Muay Thai,Sanda,Nova Uniao,Chute Boxe,4,1,01:00,Submission,Fighter 2,Rear-Naked Choke,65,131,2,0,0,2
352,Pride 40,"Rio de Janeiro, Brazil",Tatiana Suarez,Curtis Blaydes,30,36,190,163,162,174,Female,Male,81,104,Wrestling,Brazilian Jiu-Jitsu,City Kickboxing,Alliance MMA,3,4,02:00,KO,Fighter 2,Punch,89,120,1,4,2,2
353,Cage Warriors 135,"Tokyo, Japan",Petr Yan,Amanda Lemos,34,28,161,160,161,188,Female,Male,108,79,Muay Thai,Sanda,American Top Team,Chute Boxe,3,1,04:00,Decision,Fighter 1,Unanimous Decision,54,43,0,0,2,0
354,Cage Warriors 135,Singapore,Paulo Costa,Tony Ferguson,37,32,163,164,194,198,Female,Male,74,87,Karate,Karate,City Kickboxing,Alliance MMA,4,2,01:00,Decision,Fighter 2,Punch,68,29,5,0,1,0
355,Cage Warriors 135,"Tokyo, Japan",Justin Gaethje,Mackenzie Dern,36,28,170,169,161,191,Female,Female,116,94,Muay Thai,Brazilian Jiu-Jitsu,Tiger Muay Thai,AKA,3,3,04:00,Submission,Fighter 2,Rear-Naked Choke,66,25,5,5,2,1
356,Bellator 260,"Rio de Janeiro, Brazil",Jiri Prochazka,Mackenzie Dern,33,31,181,185,176,196,Female,Male,117,81,Muay Thai,Judo,Nova Uniao,Alliance MMA,3,1,03:00,Decision,Fighter 2,Rear-Naked Choke,68,81,5,1,0,0
357,UFC 290,"Rio de Janeiro, Brazil",Alexander Volkanovski,Rob Font,30,29,186,188,168,190,Female,Male,84,98,Brazilian Jiu-Jitsu,Boxing,City Kickboxing,AKA,3,3,01:00,KO,Fighter 2,Rear-Naked Choke,30,130,0,4,1,0
358,Pride 40,"Rio de Janeiro, Brazil",Yair Rodriguez,Chris Daukaus,27,32,194,191,173,188,Male,Male,92,76,Karate,Boxing,Tiger Muay Thai,Alliance MMA,4,4,03:00,Decision,Fighter 1,Punch,104,76,5,1,2,1
359,Pride 40,"Tokyo, Japan",Henry Cejudo,Santiago Ponzinibbio,38,31,186,194,173,183,Male,Male,61,101,Kickboxing,Boxing,Tiger Muay Thai,AKA,3,4,04:00,Submission,Fighter 2,Rear-Naked Choke,58,139,4,5,0,1
360,Cage Warriors 135,"Rio de Janeiro, Brazil",Derrick Lewis,Ryan Bader,35,25,179,166,183,175,Male,Female,88,65,Wrestling,Brazilian Jiu-Jitsu,City Kickboxing,Alliance MMA,3,4,01:00,KO,Fighter 1,Unanimous Decision,65,25,2,5,1,2
361,Bellator 260,"Tokyo, Japan",Jan Blachowicz,Magomed Ankalaev,30,35,164,191,194,181,Male,Female,108,89,Kickboxing,Karate,City Kickboxing,Tristar Gym,3,3,02:00,Submission,Fighter 1,Rear-Naked Choke,48,63,1,4,0,0
362,Pride 40,"Warsaw, Poland",Yair Rodriguez,Raquel Pennington,29,27,165,173,203,177,Female,Male,103,69,Kickboxing,Karate,City Kickboxing,Tristar Gym,4,1,03:00,Submission,Fighter 2,Rear-Naked Choke,128,117,1,1,0,2
363,ONE 195,"Abu Dhabi, UAE",Derrick Lewis,Belal Muhammad,37,26,175,177,168,189,Female,Female,116,62,Wrestling,Judo,Nova Uniao,AKA,4,1,02:00,Decision,Fighter 1,Unanimous Decision,139,48,4,1,0,1
364,Cage Warriors 135,"Tokyo, Japan",Yair Rodriguez,Magomed Ankalaev,27,37,174,175,162,161,Male,Female,80,91,Karate,Sanda,Jackson-Wink MMA,AKA,3,1,01:00,Submission,Fighter 2,Punch,69,94,0,4,1,2
365,UFC 290,"Abu Dhabi, UAE",Rose Namajunas,Raquel Pennington,26,37,191,170,182,187,Female,Male,114,73,Wrestling,Boxing,Jackson-Wink MMA,AKA,4,2,04:00,Decision,Fighter 1,Unanimous Decision,50,136,5,1,2,2
366,Pride 40,"Tokyo, Japan",Justin Gaethje,Tai Tuivasa,27,29,190,168,194,202,Female,Male,104,72,Muay Thai,Brazilian Jiu-Jitsu,City Kickboxing,Tristar Gym,4,2,03:00,Decision,Fighter 1,Rear-Naked Choke,105,94,1,3,2,1
367,UFC 290,"New York, NY",Henry Cejudo,Raquel Pennington,28,36,175,177,168,171,Male,Male,90,61,Wrestling,Judo,Nova Uniao,Tristar Gym,4,4,04:00,Decision,Fighter 1,Rear-Naked Choke,101,109,3,5,1,0
368,Bellator 260,"Rio de Janeiro, Brazil",Henry Cejudo,Alexander Gustafsson,35,36,171,186,196,173,Female,Male,63,68,Kickboxing,Judo,Nova Uniao,Chute Boxe,3,1,02:00,KO,Fighter 1,Unanimous Decision,108,111,0,1,0,1
369,Pride 40,"Rio de Janeiro, Brazil",Derrick Lewis,Rafael dos Anjos,31,27,182,175,160,166,Female,Male,68,61,Brazilian Jiu-Jitsu,Judo,Jackson-Wink MMA,Tristar Gym,3,3,03:00,Submission,Fighter 2,Unanimous Decision,74,103,4,3,2,1
370,ONE 195,"Abu Dhabi, UAE",Deiveson Figueiredo,Alexander Gustafsson,35,31,187,165,204,160,Female,Male,73,113,Muay Thai,Sanda,City Kickboxing,Chute Boxe,3,1,02:00,KO,Fighter 2,Punch,64,124,0,3,2,1
371,ONE 195,"Rio de Janeiro, Brazil",Colby Covington,Tony Ferguson,36,34,187,168,176,204,Female,Male,101,110,Muay Thai,Karate,Tiger Muay Thai,Alliance MMA,3,2,01:00,Decision,Fighter 1,Unanimous Decision,93,99,5,2,1,0
372,Cage Warriors 135,"Abu Dhabi, UAE",Deiveson Figueiredo,Curtis Blaydes,27,39,191,173,162,174,Male,Male,117,97,Brazilian Jiu-Jitsu,Sanda,Tiger Muay Thai,AKA,4,2,02:00,Decision,Fighter 2,Punch,37,62,5,2,0,2
373,Pride 40,"Abu Dhabi, UAE",Stipe Miocic,Tony Ferguson,36,33,168,177,177,177,Male,Male,78,112,Wrestling,Brazilian Jiu-Jitsu,Jackson-Wink MMA,AKA,4,3,01:00,Submission,Fighter 2,Unanimous Decision,129,74,5,0,1,2
374,ONE 195,Singapore,Jiri Prochazka,Kevin Holland,30,26,171,176,172,195,Male,Female,85,73,Brazilian Jiu-Jitsu,Judo,City Kickboxing,Alliance MMA,4,3,04:00,Submission,Fighter 2,Rear-Naked Choke,108,118,2,5,1,1
375,UFC 290,"Rio de Janeiro, Brazil",Deiveson Figueiredo,Corey Anderson,37,29,170,179,197,172,Male,Male,90,64,Wrestling,Brazilian Jiu-Jitsu,Jackson-Wink MMA,Tristar Gym,3,1,03:00,Decision,Fighter 1,Punch,56,60,4,1,2,1
376,ONE 195,Singapore,Jorge Masvidal,Ketlen Vieira,31,28,169,175,201,202,Male,Male,81,112,Karate,Brazilian Jiu-Jitsu,Nova Uniao,Alliance MMA,3,3,02:00,Submission,Fighter 2,Punch,102,81,1,4,1,2
377,KSW 70,"Warsaw, Poland",Israel Adesanya,Dominick Reyes,27,30,175,172,201,180,Female,Female,68,103,Brazilian Jiu-Jitsu,Boxing,Jackson-Wink MMA,Tristar Gym,3,2,04:00,Submission,Fighter 1,Unanimous Decision,95,103,3,4,2,2
378,ONE 195,"Abu Dhabi, UAE",Alexander Volkanovski,Santiago Ponzinibbio,34,37,171,189,162,172,Female,Female,80,92,Brazilian Jiu-Jitsu,Sanda,Tiger Muay Thai,Tristar Gym,3,2,03:00,Submission,Fighter 1,Punch,86,94,1,0,0,0
379,Bellator 260,Singapore,Rose Namajunas,Ketlen Vieira,27,34,190,164,183,192,Female,Female,71,91,Kickboxing,Judo,Tiger Muay Thai,Alliance MMA,4,4,03:00,Decision,Fighter 2,Unanimous Decision,136,40,3,4,0,0
380,Pride 40,"Abu Dhabi, UAE",Dan Hooker,Kevin Holland,35,31,194,166,174,177,Female,Female,119,111,Kickboxing,Boxing,Jackson-Wink MMA,Alliance MMA,3,4,04:00,Submission,Fighter 2,Punch,118,102,0,1,1,0
381,Cage Warriors 135,"New York, NY",Stipe Miocic,Rob Font,35,27,190,190,168,173,Female,Female,71,114,Kickboxing,Brazilian Jiu-Jitsu,Jackson-Wink MMA,Tristar Gym,4,2,01:00,KO,Fighter 1,Punch,53,121,2,5,2,0
382,KSW 70,"New York, NY",Jessica Andrade,Chris Daukaus,31,35,192,163,177,179,Male,Male,70,89,Karate,Karate,City Kickboxing,AKA,3,2,03:00,Decision,Fighter 1,Punch,130,75,0,4,2,2
383,UFC 290,Singapore,Jessica Andrade,Kevin Holland,25,26,184,191,175,168,Female,Male,94,84,Brazilian Jiu-Jitsu,Karate,Tiger Muay Thai,Xtreme Couture,3,4,02:00,Decision,Fighter 1,Unanimous Decision,57,23,5,5,0,1
384,ONE 195,"Rio de Janeiro, Brazil",Glover Teixeira,Dustin Jacoby,30,26,186,183,163,180,Male,Female,85,66,Karate,Brazilian Jiu-Jitsu,Nova Uniao,Alliance MMA,3,2,02:00,Submission,Fighter 1,Punch,89,86,1,5,2,0
385,Bellator 260,"Tokyo, Japan",Petr Yan,Curtis Blaydes,28,30,183,184,188,180,Female,Male,84,67,Brazilian Jiu-Jitsu,Karate,City Kickboxing,Tristar Gym,4,3,01:00,KO,Fighter 1,Rear-Naked Choke,34,80,3,3,2,1
386,ONE 195,"Warsaw, Poland",Tatiana Suarez,Michael Chandler,33,31,173,187,174,178,Male,Male,117,69,Wrestling,Boxing,Tiger Muay Thai,Tristar Gym,3,4,02:00,Decision,Fighter 1,Punch,70,28,5,1,1,2
387,KSW 70,"New York, NY",Dan Hooker,Rafael dos Anjos,27,34,167,170,167,194,Male,Male,67,79,Kickboxing,Sanda,Nova Uniao,Chute Boxe,4,4,03:00,Submission,Fighter 2,Unanimous Decision,62,111,1,1,0,2
388,Cage Warriors 135,"Tokyo, Japan",Alexander Volkanovski,Magomed Ankalaev,31,33,185,192,185,182,Male,Male,101,113,Kickboxing,Brazilian Jiu-Jitsu,Nova Uniao,Xtreme Couture,3,2,03:00,Decision,Fighter 1,Punch,108,28,1,5,2,0
389,UFC 290,"Warsaw, Poland",Israel Adesanya,Ketlen Vieira,36,30,194,188,192,187,Male,Male,84,104,Wrestling,Judo,City Kickboxing,Tristar Gym,3,3,02:00,Decision,Fighter 1,Punch,55,23,3,3,0,2
390,KSW 70,"Abu Dhabi, UAE",Jan Blachowicz,Ryan Bader,34,36,164,166,196,182,Male,Female,70,86,Wrestling,Karate,Tiger Muay Thai,Alliance MMA,3,3,01:00,KO,Fighter 1,Rear-Naked Choke,32,134,4,2,2,0
391,KSW 70,"New York, NY",Stephen Thompson,Santiago Ponzinibbio,30,31,169,184,175,176,Male,Male,107,101,Wrestling,Judo,Jackson-Wink MMA,Chute Boxe,3,1,04:00,KO,Fighter 1,Rear-Naked Choke,94,59,0,5,2,1
392,Cage Warriors 135,"Abu Dhabi, UAE",Vicente Luque,Tai Tuivasa,38,38,177,183,186,163,Female,Male,72,70,Kickboxing,Judo,Nova Uniao,AKA,4,1,02:00,KO,Fighter 2,Unanimous Decision,142,30,3,1,2,1
393,Bellator 260,"Rio de Janeiro, Brazil",Stipe Miocic,Tony Ferguson,35,35,166,179,196,199,Female,Female,107,100,Kickboxing,Judo,Nova Uniao,AKA,4,2,04:00,Submission,Fighter 1,Unanimous Decision,86,115,5,5,2,0
394,ONE 195,"Warsaw, Poland",Alexander Volkanovski,Santiago Ponzinibbio,30,27,182,175,168,167,Female,Male,109,118,Brazilian Jiu-Jitsu,Karate,Nova Uniao,Alliance MMA,3,2,04:00,KO,Fighter 2,Rear-Naked Choke,105,84,0,0,0,2
395,Cage Warriors 135,"Tokyo, Japan",Derrick Lewis,Brian Ortega,33,26,185,181,175,183,Male,Female,96,68,Muay Thai,Sanda,Tiger Muay Thai,Xtreme Couture,3,4,01:00,Decision,Fighter 2,Punch,122,31,2,0,0,1
396,Cage Warriors 135,"Rio de Janeiro, Brazil",Israel Adesanya,Magomed Ankalaev,25,39,166,187,193,174,Female,Male,102,66,Muay Thai,Judo,Nova Uniao,Alliance MMA,4,2,03:00,Submission,Fighter 1,Rear-Naked Choke,74,124,5,2,1,0
397,Bellator 260,"Tokyo, Japan",Dan Hooker,Tony Ferguson,39,35,161,174,177,200,Female,Male,107,81,Wrestling,Judo,American Top Team,Alliance MMA,4,1,01:00,Submission,Fighter 1,Rear-Naked Choke,61,84,1,0,2,2
398,Cage Warriors 135,"Rio de Janeiro, Brazil",Deiveson Figueiredo,Alexander Gustafsson,35,31,164,168,181,199,Male,Female,113,92,Kickboxing,Karate,American Top Team,AKA,4,1,04:00,Submission,Fighter 2,Rear-Naked Choke,79,110,2,2,1,1
399,UFC 290,"New York, NY",Charles Oliveira,Ketlen Vieira,38,26,185,165,168,203,Female,Male,94,63,Kickboxing,Judo,Tiger Muay Thai,AKA,3,1,04:00,KO,Fighter 2,Rear-Naked Choke,91,133,4,4,2,0
400,Bellator 260,"Rio de Janeiro, Brazil",Jorge Masvidal,Dustin Jacoby,26,30,190,178,165,166,Female,Male,62,81,Muay Thai,Boxing,Tiger Muay Thai,Tristar Gym,3,4,01:00,Decision,Fighter 1,Rear-Naked Choke,59,25,4,5,2,2
401,ONE 195,"Warsaw, Poland",Justin Gaethje,Tai Tuivasa,29,26,174,185,173,181,Female,Female,73,78,Brazilian Jiu-Jitsu,Judo,City Kickboxing,Chute Boxe,3,3,04:00,Decision,Fighter 2,Punch,48,95,4,1,1,1
402,ONE 195,"Abu Dhabi, UAE",Tatiana Suarez,Brian Ortega,35,32,172,175,183,192,Male,Male,83,95,Brazilian Jiu-Jitsu,Sanda,American Top Team,Chute Boxe,4,4,03:00,Decision,Fighter 1,Unanimous Decision,108,47,0,3,2,2
403,Bellator 260,"New York, NY",Aljamain Sterling,Dustin Jacoby,30,30,162,164,194,183,Male,Male,69,97,Wrestling,Karate,American Top Team,Chute Boxe,4,1,01:00,Submission,Fighter 2,Unanimous Decision,43,139,5,4,0,2
404,UFC 290,"Warsaw, Poland",Derrick Lewis,Corey Anderson,39,37,184,182,170,185,Male,Male,80,62,Muay Thai,Judo,American Top Team,Tristar Gym,3,4,02:00,Decision,Fighter 1,Rear-Naked Choke,135,81,0,4,1,2
405,UFC 290,Singapore,Alexander Volkanovski,Magomed Ankalaev,26,26,179,176,192,164,Female,Female,61,102,Kickboxing,Brazilian Jiu-Jitsu,City Kickboxing,AKA,4,4,02:00,KO,Fighter 1,Rear-Naked Choke,136,59,4,2,0,2
406,KSW 70,Singapore,Jorge Masvidal,Tai Tuivasa,28,25,175,188,202,192,Male,Male,97,76,Kickboxing,Karate,Jackson-Wink MMA,AKA,3,1,03:00,KO,Fighter 2,Rear-Naked Choke,132,90,3,0,1,0
407,Pride 40,"New York, NY",Vicente Luque,Tai Tuivasa,25,37,173,162,161,193,Male,Female,66,92,Brazilian Jiu-Jitsu,Boxing,Tiger Muay Thai,AKA,4,4,03:00,KO,Fighter 1,Punch,117,75,5,5,1,2
408,UFC 290,"New York, NY",Colby Covington,Curtis Blaydes,28,27,162,189,190,163,Male,Male,84,61,Brazilian Jiu-Jitsu,Sanda,American Top Team,Xtreme Couture,3,2,01:00,KO,Fighter 2,Rear-Naked Choke,57,93,2,5,0,2
409,Cage Warriors 135,"Warsaw, Poland",Derrick Lewis,Yoel Romero,31,39,179,170,201,168,Female,Male,100,112,Kickboxing,Brazilian Jiu-Jitsu,Jackson-Wink MMA,Alliance MMA,4,3,04:00,Submission,Fighter 2,Rear-Naked Choke,74,128,0,2,0,1
410,Pride 40,"Warsaw, Poland",Jan Blachowicz,Marlon Moraes,35,37,163,170,177,202,Female,Male,89,97,Karate,Boxing,American Top Team,AKA,3,4,04:00,Submission,Fighter 1,Punch,118,111,3,5,2,0
411,Pride 40,"Abu Dhabi, UAE",Tatiana Suarez,Chris Daukaus,35,35,163,160,172,199,Male,Male,119,119,Wrestling,Sanda,City Kickboxing,AKA,3,2,02:00,Submission,Fighter 1,Rear-Naked Choke,61,20,1,2,0,2
412,UFC 290,Singapore,Jiri Prochazka,Ryan Bader,37,37,193,176,162,194,Male,Female,93,82,Brazilian Jiu-Jitsu,Boxing,City Kickboxing,AKA,3,1,02:00,KO,Fighter 2,Rear-Naked Choke,43,21,3,3,2,1
413,UFC 290,"Warsaw, Poland",Sean O'Malley,Kevin Holland,31,29,179,188,185,204,Male,Male,112,118,Muay Thai,Sanda,City Kickboxing,Tristar Gym,3,1,03:00,Decision,Fighter 2,Rear-Naked Choke,38,34,5,4,1,0
414,Pride 40,"Warsaw, Poland",Jorge Masvidal,Curtis Blaydes,26,28,179,186,165,190,Male,Female,71,97,Brazilian Jiu-Jitsu,Karate,American Top Team,Chute Boxe,4,2,03:00,Decision,Fighter 1,Punch,137,105,0,4,1,1
415,Cage Warriors 135,"Tokyo, Japan",Derrick Lewis,Belal Muhammad,39,38,169,191,165,177,Female,Male,119,81,Muay Thai,Boxing,Nova Uniao,AKA,3,2,02:00,Submission,Fighter 2,Punch,58,124,5,2,1,0
416,Pride 40,"Rio de Janeiro, Brazil",Stephen Thompson,Islam Makhachev,28,27,186,176,173,168,Female,Male,90,119,Brazilian Jiu-Jitsu,Sanda,Nova Uniao,Chute Boxe,4,2,01:00,Decision,Fighter 1,Rear-Naked Choke,110,52,3,4,1,0
417,Cage Warriors 135,"Rio de Janeiro, Brazil",Alexander Volkanovski,Dustin Jacoby,32,34,173,161,176,188,Male,Female,116,67,Kickboxing,Brazilian Jiu-Jitsu,Tiger Muay Thai,Alliance MMA,4,4,03:00,KO,Fighter 1,Rear-Naked Choke,44,26,4,3,2,1
418,KSW 70,"Warsaw, Poland",Paulo Costa,Dustin Jacoby,37,29,162,175,203,171,Male,Male,82,82,Kickboxing,Brazilian Jiu-Jitsu,Nova Uniao,Tristar Gym,4,4,03:00,KO,Fighter 2,Unanimous Decision,87,42,2,1,1,0
419,Bellator 260,"Warsaw, Poland",Dan Hooker,Belal Muhammad,30,31,181,165,175,189,Male,Male,86,95,Brazilian Jiu-Jitsu,Sanda,Jackson-Wink MMA,Tristar Gym,3,1,03:00,KO,Fighter 2,Rear-Naked Choke,55,102,5,3,0,0
420,ONE 195,"Rio de Janeiro, Brazil",Sean O'Malley,Tony Ferguson,30,35,179,189,198,162,Male,Female,105,95,Kickboxing,Brazilian Jiu-Jitsu,Tiger Muay Thai,Alliance MMA,4,3,04:00,KO,Fighter 1,Punch,73,81,5,4,0,2
421,Cage Warriors 135,"New York, NY",Yair Rodriguez,Tony Ferguson,26,39,161,176,184,174,Male,Male,84,91,Wrestling,Karate,Jackson-Wink MMA,AKA,4,3,04:00,Decision,Fighter 2,Punch,129,53,1,5,0,2
422,UFC 290,"Tokyo, Japan",Stephen Thompson,Tony Ferguson,26,33,191,182,191,196,Female,Female,105,82,Muay Thai,Sanda,Jackson-Wink MMA,Tristar Gym,4,2,01:00,KO,Fighter 1,Rear-Naked Choke,145,46,5,4,1,1
423,Cage Warriors 135,"Warsaw, Poland",Israel Adesanya,Ketlen Vieira,38,39,181,181,170,168,Female,Female,112,71,Kickboxing,Sanda,American Top Team,Xtreme Couture,3,4,03:00,Submission,Fighter 2,Unanimous Decision,47,63,2,1,1,0
424,KSW 70,Singapore,Justin Gaethje,Ketlen Vieira,34,30,179,184,173,183,Male,Female,73,64,Kickboxing,Brazilian Jiu-Jitsu,Tiger Muay Thai,Tristar Gym,4,1,02:00,KO,Fighter 1,Rear-Naked Choke,137,94,3,5,2,2
425,ONE 195,"Rio de Janeiro, Brazil",Henry Cejudo,Tai Tuivasa,28,37,178,169,202,164,Male,Female,84,102,Karate,Judo,Nova Uniao,Alliance MMA,4,4,02:00,KO,Fighter 1,Rear-Naked Choke,78,123,4,1,0,1
426,Cage Warriors 140,"London, UK",Brian Ortega,Stipe Miocic,37,25,169,161,193,182,Female,Female,94,67,Brazilian Jiu-Jitsu,Boxing,City Kickboxing,Tristar Gym,4,3,03:00,Submission,Fighter 2,Rear-Naked Choke,68,91,5,0,1,1
427,Bellator 270,"Los Angeles, CA",Sean O'Malley,Jessica Andrade,34,27,162,169,162,174,Female,Female,116,69,Kickboxing,Karate,American Top Team,Tristar Gym,3,4,01:00,KO,Fighter 2,Punch,47,56,1,3,0,1
428,Bellator 270,"Los Angeles, CA",Justin Gaethje,Dominick Reyes,26,39,180,166,194,190,Female,Male,99,100,Karate,Karate,Jackson-Wink MMA,Alliance MMA,3,3,02:00,Decision,Fighter 1,Punch,127,111,5,3,0,2
429,KSW 75,"Las Vegas, NV",Alexander Volkanovski,Dominick Reyes,27,26,186,172,195,196,Female,Male,99,86,Brazilian Jiu-Jitsu,Karate,Jackson-Wink MMA,Xtreme Couture,3,4,03:00,Decision,Fighter 2,Unanimous Decision,116,42,5,0,0,0
430,KSW 75,"London, UK",Raquel Pennington,Jan Blachowicz,32,32,168,192,189,162,Female,Female,84,81,Karate,Sanda,Jackson-Wink MMA,AKA,3,2,02:00,Submission,Fighter 1,Unanimous Decision,45,39,4,3,2,1
431,UFC 300,Singapore,Kevin Holland,Jorge Masvidal,32,32,180,191,193,163,Female,Female,113,98,Brazilian Jiu-Jitsu,Karate,Tiger Muay Thai,AKA,3,2,01:00,Submission,Fighter 1,Punch,105,93,2,1,0,0
432,UFC 300,"Rio de Janeiro, Brazil",Viviane Araujo,Derrick Lewis,29,36,160,177,187,160,Female,Female,87,118,Kickboxing,Sanda,Tiger Muay Thai,AKA,4,4,02:00,Submission,Fighter 2,Unanimous Decision,106,108,4,3,0,0
433,Bellator 270,"Rio de Janeiro, Brazil",Yoel Romero,Brian Ortega,26,34,183,182,171,175,Male,Male,88,61,Muay Thai,Judo,Nova Uniao,Xtreme Couture,4,4,04:00,Submission,Fighter 2,Rear-Naked Choke,56,125,3,3,1,0
434,Bellator 270,"Rio de Janeiro, Brazil",Jan Blachowicz,Mackenzie Dern,25,35,181,183,203,168,Male,Female,61,96,Kickboxing,Karate,City Kickboxing,AKA,3,4,01:00,KO,Fighter 1,Punch,123,91,0,4,2,1
435,KSW 75,Singapore,Yair Rodriguez,Gilbert Burns,37,31,184,177,166,162,Male,Male,90,104,Karate,Sanda,City Kickboxing,Tristar Gym,3,3,02:00,Submission,Fighter 2,Rear-Naked Choke,64,73,2,0,0,1
436,Cage Warriors 140,"Los Angeles, CA",Jack Hermansson,Jessica Andrade,28,35,189,171,174,198,Male,Female,100,113,Kickboxing,Sanda,Nova Uniao,Chute Boxe,4,3,02:00,KO,Fighter 1,Unanimous Decision,126,130,3,4,2,1
437,Bellator 270,"Los Angeles, CA",Marlon Moraes,Derrick Lewis,36,36,191,168,196,161,Female,Female,80,109,Karate,Boxing,American Top Team,Alliance MMA,4,4,04:00,Decision,Fighter 2,Rear-Naked Choke,122,126,2,3,0,1
438,ONE 200,"Los Angeles, CA",Ketlen Vieira,Thiago Santos,25,39,174,180,176,161,Female,Female,92,83,Karate,Judo,Nova Uniao,Chute Boxe,4,1,03:00,Decision,Fighter 2,Rear-Naked Choke,80,85,3,1,0,1
439,KSW 75,Singapore,Deiveson Figueiredo,Charles Oliveira,39,32,193,179,171,197,Female,Male,113,87,Karate,Karate,Jackson-Wink MMA,Alliance MMA,4,4,03:00,Submission,Fighter 1,Rear-Naked Choke,46,64,1,1,1,2
440,Cage Warriors 140,"Los Angeles, CA",Cory Sandhagen,Glover Teixeira,35,28,184,189,164,190,Female,Male,72,107,Brazilian Jiu-Jitsu,Boxing,City Kickboxing,Tristar Gym,3,4,04:00,KO,Fighter 1,Rear-Naked Choke,93,64,0,1,0,2
441,ONE 200,"Los Angeles, CA",Vicente Luque,Rob Font,35,38,169,184,170,178,Male,Male,101,101,Muay Thai,Karate,City Kickboxing,Alliance MMA,3,2,01:00,Submission,Fighter 2,Unanimous Decision,70,62,0,5,2,2
442,ONE 200,"Los Angeles, CA",Rafael dos Anjos,Petr Yan,33,31,173,161,195,178,Female,Male,117,112,Wrestling,Sanda,City Kickboxing,AKA,3,4,02:00,KO,Fighter 2,Punch,149,114,3,4,0,2
443,ONE 200,"Rio de Janeiro, Brazil",Paulo Costa,Mackenzie Dern,27,27,188,180,177,193,Female,Female,75,114,Kickboxing,Judo,American Top Team,Tristar Gym,4,4,03:00,Decision,Fighter 1,Rear-Naked Choke,149,113,3,1,1,0
444,ONE 200,"Rio de Janeiro, Brazil",Jorge Masvidal,Tatiana Suarez,38,38,173,167,168,178,Male,Female,62,63,Brazilian Jiu-Jitsu,Boxing,Tiger Muay Thai,Tristar Gym,3,3,01:00,KO,Fighter 2,Unanimous Decision,140,74,5,4,0,1
445,Cage Warriors 140,"Rio de Janeiro, Brazil",Dustin Jacoby,Raquel Pennington,39,38,169,194,184,189,Female,Female,99,109,Kickboxing,Brazilian Jiu-Jitsu,American Top Team,AKA,3,3,02:00,Submission,Fighter 1,Rear-Naked Choke,31,92,3,2,0,1
446,Bellator 270,"Las Vegas, NV",Jessica Andrade,Jairzinho Rozenstruik,25,35,186,188,202,179,Male,Male,60,103,Kickboxing,Karate,Jackson-Wink MMA,Chute Boxe,3,2,02:00,Submission,Fighter 2,Punch,86,105,0,0,2,0
447,ONE 200,"Las Vegas, NV",Corey Anderson,Yair Rodriguez,34,29,166,193,166,183,Male,Male,93,102,Wrestling,Sanda,Jackson-Wink MMA,Chute Boxe,3,3,01:00,Decision,Fighter 1,Punch,111,85,2,4,1,1
448,UFC 300,"Tokyo, Japan",Petr Yan,Dan Hooker,37,33,178,183,184,204,Female,Male,114,88,Muay Thai,Karate,City Kickboxing,Chute Boxe,3,1,03:00,Submission,Fighter 1,Punch,54,22,3,0,2,2
449,KSW 75,"Rio de Janeiro, Brazil",Marina Rodriguez,Michael Chandler,29,33,164,186,180,186,Male,Male,76,100,Kickboxing,Boxing,Jackson-Wink MMA,Alliance MMA,3,1,03:00,Submission,Fighter 1,Rear-Naked Choke,86,131,3,0,2,2
450,Bellator 270,"London, UK",Israel Adesanya,Alexander Volkanovski,26,39,184,161,193,162,Male,Female,73,85,Karate,Sanda,Tiger Muay Thai,Chute Boxe,4,2,02:00,Submission,Fighter 2,Punch,71,34,3,4,0,1
451,Cage Warriors 140,Singapore,Marina Rodriguez,Yair Rodriguez,36,39,169,188,188,161,Female,Male,89,119,Muay Thai,Karate,Tiger Muay Thai,Tristar Gym,3,4,02:00,Submission,Fighter 1,Rear-Naked Choke,92,28,0,3,1,0
452,Cage Warriors 140,Singapore,Jack Hermansson,Kamaru Usman,30,30,184,185,193,180,Female,Male,103,115,Kickboxing,Boxing,American Top Team,Alliance MMA,4,3,01:00,Decision,Fighter 1,Punch,107,52,1,2,1,0
453,Pride 50,"Rio de Janeiro, Brazil",Charles Oliveira,Israel Adesanya,35,38,161,169,198,194,Female,Male,102,66,Kickboxing,Karate,American Top Team,Tristar Gym,3,3,03:00,Submission,Fighter 1,Punch,47,92,5,4,1,1
454,Cage Warriors 140,"Los Angeles, CA",Aljamain Sterling,Stephen Thompson,31,26,165,193,200,188,Female,Female,70,99,Kickboxing,Karate,City Kickboxing,AKA,3,4,03:00,KO,Fighter 2,Punch,49,134,1,3,2,1
455,UFC 300,"Rio de Janeiro, Brazil",Alexander Gustafsson,Rob Font,32,38,174,181,183,173,Female,Female,102,100,Wrestling,Boxing,American Top Team,Alliance MMA,4,1,01:00,Submission,Fighter 1,Punch,114,102,2,1,1,2
456,Bellator 270,"Las Vegas, NV",Alexander Gustafsson,Chris Daukaus,25,31,162,161,176,189,Male,Male,99,68,Kickboxing,Karate,City Kickboxing,Xtreme Couture,4,4,02:00,Submission,Fighter 2,Rear-Naked Choke,55,76,1,2,0,2
457,KSW 75,"London, UK",Alexander Volkanovski,Jiri Prochazka,37,39,169,178,173,167,Male,Female,77,115,Muay Thai,Sanda,Jackson-Wink MMA,Xtreme Couture,4,1,02:00,Submission,Fighter 1,Punch,108,102,1,1,0,2
458,KSW 75,"Los Angeles, CA",Israel Adesanya,Mackenzie Dern,34,35,168,193,174,198,Female,Female,112,103,Wrestling,Judo,City Kickboxing,Tristar Gym,4,3,03:00,KO,Fighter 2,Rear-Naked Choke,51,119,1,2,1,0
459,ONE 200,"London, UK",Yoel Romero,Tatiana Suarez,37,34,182,177,160,164,Male,Female,95,61,Brazilian Jiu-Jitsu,Judo,City Kickboxing,AKA,3,2,01:00,Submission,Fighter 2,Unanimous Decision,102,132,2,5,1,2
460,KSW 75,"Los Angeles, CA",Colby Covington,Jiri Prochazka,35,29,178,190,203,171,Male,Male,98,105,Muay Thai,Judo,Jackson-Wink MMA,Tristar Gym,4,4,03:00,Decision,Fighter 1,Rear-Naked Choke,144,128,3,5,2,0
461,Pride 50,"Los Angeles, CA",Curtis Blaydes,Chris Daukaus,28,32,170,183,188,167,Female,Male,104,106,Muay Thai,Karate,American Top Team,AKA,4,2,02:00,Decision,Fighter 2,Rear-Naked Choke,53,55,1,4,0,2
462,ONE 200,"Tokyo, Japan",Magomed Ankalaev,Marlon Moraes,37,31,176,190,204,200,Female,Female,81,102,Kickboxing,Judo,City Kickboxing,Xtreme Couture,3,3,03:00,KO,Fighter 1,Unanimous Decision,116,76,5,4,1,2
463,Pride 50,"Tokyo, Japan",Tony Ferguson,Jairzinho Rozenstruik,34,32,164,168,161,200,Female,Female,72,78,Muay Thai,Judo,American Top Team,AKA,4,4,01:00,KO,Fighter 1,Punch,149,61,3,5,1,0
464,ONE 200,"Rio de Janeiro, Brazil",Islam Makhachev,Justin Gaethje,32,33,165,189,191,160,Male,Female,78,108,Kickboxing,Sanda,American Top Team,Tristar Gym,4,4,01:00,Submission,Fighter 2,Rear-Naked Choke,98,20,0,2,2,2
465,KSW 75,"Los Angeles, CA",Henry Cejudo,Jack Hermansson,28,39,185,179,197,170,Male,Male,119,90,Wrestling,Sanda,Nova Uniao,AKA,3,3,01:00,KO,Fighter 1,Rear-Naked Choke,64,49,4,3,2,1
466,Cage Warriors 140,"Las Vegas, NV",Islam Makhachev,Vicente Luque,28,25,182,170,188,167,Female,Female,77,70,Brazilian Jiu-Jitsu,Judo,Jackson-Wink MMA,Tristar Gym,4,1,01:00,Submission,Fighter 1,Unanimous Decision,138,107,1,5,0,1
467,Cage Warriors 140,"Los Angeles, CA",Stephen Thompson,Petr Yan,29,38,184,179,204,196,Female,Male,92,94,Brazilian Jiu-Jitsu,Karate,City Kickboxing,Chute Boxe,3,3,01:00,Decision,Fighter 2,Punch,82,91,5,4,2,2
468,KSW 75,"Los Angeles, CA",Cory Sandhagen,Ryan Bader,28,39,189,175,167,195,Female,Male,71,106,Brazilian Jiu-Jitsu,Boxing,Tiger Muay Thai,Tristar Gym,4,3,01:00,KO,Fighter 2,Punch,93,88,1,1,0,1
469,KSW 75,"Las Vegas, NV",Stephen Thompson,Paulo Costa,37,39,190,177,196,176,Male,Male,77,83,Muay Thai,Sanda,City Kickboxing,Tristar Gym,3,4,03:00,Submission,Fighter 2,Unanimous Decision,140,92,5,5,1,0
470,UFC 300,"Tokyo, Japan",Glover Teixeira,Raquel Pennington,36,28,164,185,188,161,Male,Female,82,90,Kickboxing,Sanda,Nova Uniao,Chute Boxe,3,1,02:00,Decision,Fighter 2,Rear-Naked Choke,111,87,0,3,2,0
471,ONE 200,"London, UK",Derrick Lewis,Chris Daukaus,28,34,185,176,161,178,Female,Female,103,107,Kickboxing,Judo,Jackson-Wink MMA,Tristar Gym,4,1,02:00,KO,Fighter 2,Rear-Naked Choke,88,34,3,2,1,1
472,Bellator 270,"London, UK",Curtis Blaydes,Amanda Lemos,31,29,185,174,174,194,Male,Female,114,94,Wrestling,Boxing,Tiger Muay Thai,Chute Boxe,3,2,03:00,KO,Fighter 1,Punch,39,54,1,3,0,1
473,Bellator 270,"Rio de Janeiro, Brazil",Ketlen Vieira,Thiago Santos,32,32,191,164,202,199,Male,Female,63,80,Karate,Judo,American Top Team,Alliance MMA,4,2,02:00,KO,Fighter 2,Unanimous Decision,146,40,3,3,2,1
474,Bellator 270,"London, UK",Viviane Araujo,Marlon Moraes,28,33,175,161,184,199,Male,Female,91,95,Brazilian Jiu-Jitsu,Boxing,Nova Uniao,Alliance MMA,3,3,04:00,Decision,Fighter 1,Punch,53,81,2,4,1,1
475,ONE 200,"Rio de Janeiro, Brazil",Viviane Araujo,Tai Tuivasa,25,31,184,191,168,176,Female,Female,70,80,Wrestling,Judo,Tiger Muay Thai,Tristar Gym,4,1,03:00,Decision,Fighter 1,Punch,146,34,5,0,1,0
476,KSW 75,"Los Angeles, CA",Rose Namajunas,Santiago Ponzinibbio,29,39,174,183,187,198,Male,Male,76,77,Brazilian Jiu-Jitsu,Judo,Tiger Muay Thai,Alliance MMA,4,3,03:00,Decision,Fighter 1,Rear-Naked Choke,113,80,0,5,1,0
477,KSW 75,"Rio de Janeiro, Brazil",Curtis Blaydes,Magomed Ankalaev,37,27,162,194,204,194,Male,Male,118,74,Brazilian Jiu-Jitsu,Boxing,American Top Team,Chute Boxe,4,2,03:00,Decision,Fighter 1,Punch,128,85,1,0,0,1
478,ONE 200,"Las Vegas, NV",Kevin Holland,Sean O'Malley,32,37,172,166,168,193,Female,Male,70,84,Kickboxing,Sanda,Tiger Muay Thai,Xtreme Couture,3,2,03:00,KO,Fighter 2,Punch,79,134,5,0,0,1
479,ONE 200,"Rio de Janeiro, Brazil",Dan Hooker,Vicente Luque,25,27,191,188,203,186,Male,Male,107,95,Wrestling,Sanda,City Kickboxing,Alliance MMA,4,3,03:00,Submission,Fighter 1,Punch,68,23,3,5,1,2
480,KSW 75,"Los Angeles, CA",Michael Chandler,Deiveson Figueiredo,35,33,161,187,196,177,Male,Female,69,60,Kickboxing,Brazilian Jiu-Jitsu,Tiger Muay Thai,Tristar Gym,3,3,04:00,KO,Fighter 1,Punch,111,26,5,5,2,1
481,Cage Warriors 140,"Las Vegas, NV",Cory Sandhagen,Sean O'Malley,28,37,189,168,188,178,Male,Male,76,71,Wrestling,Sanda,Jackson-Wink MMA,Alliance MMA,3,4,02:00,Decision,Fighter 2,Rear-Naked Choke,57,131,0,4,0,2
482,KSW 75,"London, UK",Rose Namajunas,Amanda Lemos,37,39,184,174,187,161,Male,Female,99,103,Muay Thai,Judo,American Top Team,AKA,3,2,04:00,KO,Fighter 2,Punch,114,90,2,3,2,1
483,Bellator 270,"Los Angeles, CA",Jan Blachowicz,Jiri Prochazka,27,27,188,194,198,161,Male,Female,71,73,Wrestling,Judo,City Kickboxing,Xtreme Couture,4,4,02:00,KO,Fighter 1,Punch,33,58,5,2,1,1
484,Cage Warriors 140,"Tokyo, Japan",Johnny Walker,Tai Tuivasa,37,35,185,162,161,173,Male,Female,86,79,Brazilian Jiu-Jitsu,Brazilian Jiu-Jitsu,American Top Team,Alliance MMA,4,2,04:00,Submission,Fighter 2,Punch,120,59,5,1,1,2
485,ONE 200,"Rio de Janeiro, Brazil",Rose Namajunas,Justin Gaethje,31,28,185,164,196,181,Male,Female,68,77,Kickboxing,Judo,Tiger Muay Thai,Tristar Gym,3,1,01:00,Decision,Fighter 1,Unanimous Decision,96,122,4,4,0,0
486,KSW 75,Singapore,Johnny Walker,Deiveson Figueiredo,35,26,176,191,180,194,Male,Male,76,93,Muay Thai,Brazilian Jiu-Jitsu,Jackson-Wink MMA,AKA,3,3,04:00,Decision,Fighter 1,Punch,148,88,0,4,0,1
487,Cage Warriors 140,"Tokyo, Japan",Yoel Romero,Belal Muhammad,27,28,192,190,202,177,Female,Female,60,87,Muay Thai,Karate,Nova Uniao,Chute Boxe,3,2,04:00,Submission,Fighter 2,Punch,79,124,0,3,2,0
488,Bellator 270,"Los Angeles, CA",Tony Ferguson,Kamaru Usman,32,39,191,161,180,200,Female,Male,119,110,Muay Thai,Brazilian Jiu-Jitsu,City Kickboxing,Chute Boxe,4,2,03:00,KO,Fighter 1,Rear-Naked Choke,45,128,0,3,1,1
489,UFC 300,"London, UK",Brian Ortega,Gilbert Burns,30,25,187,171,176,172,Male,Female,65,72,Brazilian Jiu-Jitsu,Brazilian Jiu-Jitsu,American Top Team,AKA,3,3,01:00,Decision,Fighter 2,Unanimous Decision,133,111,5,3,1,0
490,ONE 200,"Las Vegas, NV",Ryan Bader,Dustin Jacoby,32,27,189,181,167,191,Female,Female,91,116,Brazilian Jiu-Jitsu,Judo,City Kickboxing,Chute Boxe,3,2,01:00,KO,Fighter 1,Punch,115,44,1,5,2,2
491,Cage Warriors 140,"Las Vegas, NV",Santiago Ponzinibbio,Gilbert Burns,39,29,165,169,191,164,Male,Female,95,103,Brazilian Jiu-Jitsu,Brazilian Jiu-Jitsu,Tiger Muay Thai,Alliance MMA,4,4,03:00,Submission,Fighter 1,Punch,143,22,1,5,0,0
492,Cage Warriors 140,"Rio de Janeiro, Brazil",Rafael dos Anjos,Kamaru Usman,29,28,178,194,163,198,Male,Female,107,88,Wrestling,Karate,American Top Team,AKA,3,3,03:00,Submission,Fighter 2,Punch,73,44,2,1,2,2
493,ONE 200,"London, UK",Marina Rodriguez,Belal Muhammad,28,28,189,179,169,168,Female,Female,109,118,Wrestling,Boxing,Nova Uniao,Xtreme Couture,4,1,03:00,Submission,Fighter 2,Punch,98,40,4,3,0,2
494,Pride 50,"Los Angeles, CA",Colby Covington,Rob Font,37,32,186,178,204,173,Female,Female,67,93,Karate,Karate,Tiger Muay Thai,Alliance MMA,4,3,03:00,KO,Fighter 2,Punch,108,87,5,5,0,2
495,Pride 50,Singapore,Belal Muhammad,Ryan Bader,25,38,192,175,199,183,Male,Male,112,94,Karate,Karate,American Top Team,AKA,3,2,04:00,Submission,Fighter 2,Unanimous Decision,45,73,4,3,2,1
496,ONE 200,"Los Angeles, CA",Thiago Santos,Dustin Jacoby,35,33,181,167,168,188,Female,Male,108,87,Karate,Brazilian Jiu-Jitsu,Tiger Muay Thai,Chute Boxe,4,4,03:00,Decision,Fighter 1,Punch,148,58,1,2,0,2
497,ONE 200,"Las Vegas, NV",Jorge Masvidal,Glover Teixeira,26,31,183,184,200,160,Female,Male,108,64,Karate,Sanda,American Top Team,Alliance MMA,4,2,04:00,Submission,Fighter 1,Rear-Naked Choke,136,75,1,0,1,0
498,KSW 75,Singapore,Kevin Holland,Tai Tuivasa,27,37,182,185,165,185,Male,Male,82,98,Kickboxing,Sanda,Jackson-Wink MMA,Xtreme Couture,3,2,04:00,KO,Fighter 1,Punch,63,115,5,5,0,1
499,KSW 75,Singapore,Paulo Costa,Amanda Lemos,35,25,177,193,196,194,Male,Female,61,91,Muay Thai,Karate,Nova Uniao,Alliance MMA,3,3,02:00,Decision,Fighter 2,Unanimous Decision,130,92,3,1,0,2
500,KSW 75,"Rio de Janeiro, Brazil",Amanda Ribas,,27,29,179,176,173,190,Male,Female,69,77,Kickboxing,Boxing,Nova Uniao,Xtreme Couture,4,4,01:00,Submission,Fighter 2,Punch,137,98,3,5,0,0
501,Bellator 270,"Los Angeles, CA",Corey Anderson,,26,25,162,175,190,174,Male,Female,86,88,Karate,Sanda,American Top Team,AKA,4,3,03:00,KO,Fighter 1,Unanimous Decision,87,98,0,2,1,2
502,Pride 50,Singapore,Tony Ferguson,,25,29,177,163,203,174,Male,Male,101,110,Karate,Sanda,Tiger Muay Thai,Tristar Gym,3,4,03:00,KO,Fighter 2,Unanimous Decision,79,113,2,1,1,0
503,Cage Warriors 140,"Los Angeles, CA",Amanda Ribas,,37,38,174,170,187,172,Male,Female,81,69,Muay Thai,Judo,City Kickboxing,Alliance MMA,3,3,04:00,Submission,Fighter 2,Punch,42,135,5,1,0,0
504,Cage Warriors 140,"Las Vegas, NV",Aljamain Sterling,,29,30,174,164,193,184,Female,Female,71,111,Kickboxing,Boxing,City Kickboxing,Alliance MMA,4,2,01:00,Submission,Fighter 2,Rear-Naked Choke,130,101,4,2,1,1
505,Cage Warriors 140,"Las Vegas, NV",Dan Hooker,,37,37,163,163,176,186,Female,Male,65,83,Wrestling,Brazilian Jiu-Jitsu,Jackson-Wink MMA,Xtreme Couture,3,2,02:00,Decision,Fighter 2,Unanimous Decision,148,117,3,1,2,0
506,UFC 300,"Las Vegas, NV",Ketlen Vieira,,27,37,192,180,167,175,Male,Female,111,71,Wrestling,Judo,City Kickboxing,Xtreme Couture,4,4,03:00,Decision,Fighter 1,Unanimous Decision,122,53,3,2,1,1
507,ONE 200,"London, UK",Alexander Gustafsson,,26,27,180,181,179,168,Female,Female,63,111,Muay Thai,Brazilian Jiu-Jitsu,Jackson-Wink MMA,Tristar Gym,3,3,02:00,KO,Fighter 1,Punch,58,80,1,2,2,0
508,UFC 300,"Los Angeles, CA",Dominick Reyes,,39,25,187,184,195,196,Male,Female,102,90,Karate,Sanda,City Kickboxing,Xtreme Couture,3,2,02:00,Decision,Fighter 2,Unanimous Decision,146,68,2,4,0,0
509,UFC 300,"Tokyo, Japan",Amanda Ribas,,37,36,175,185,201,174,Female,Female,119,110,Kickboxing,Judo,Jackson-Wink MMA,Xtreme Couture,3,3,01:00,KO,Fighter 1,Punch,80,139,2,4,0,1
510,Bellator 270,"Tokyo, Japan",Rafael dos Anjos,,37,39,192,173,164,201,Male,Female,110,71,Wrestling,Brazilian Jiu-Jitsu,City Kickboxing,Chute Boxe,4,4,03:00,Decision,Fighter 1,Punch,137,111,0,0,2,0
511,KSW 75,"London, UK",Stipe Miocic,,38,34,175,178,168,164,Female,Female,115,113,Muay Thai,Karate,Nova Uniao,Chute Boxe,4,3,01:00,KO,Fighter 1,Unanimous Decision,32,58,1,5,0,1
512,Pride 50,"London, UK",Jairzinho Rozenstruik,,30,29,167,162,183,168,Male,Male,101,104,Wrestling,Judo,Tiger Muay Thai,Chute Boxe,3,2,02:00,Submission,Fighter 1,Rear-Naked Choke,42,96,1,1,1,0
513,Cage Warriors 140,"Tokyo, Japan",Aljamain Sterling,,38,25,166,165,185,173,Male,Female,118,64,Wrestling,Sanda,Jackson-Wink MMA,Xtreme Couture,4,2,02:00,KO,Fighter 1,Unanimous Decision,39,115,2,2,0,1
514,Cage Warriors 140,"Los Angeles, CA",Colby Covington,,35,38,166,174,175,160,Male,Female,94,116,Kickboxing,Boxing,Tiger Muay Thai,Alliance MMA,4,1,04:00,Submission,Fighter 2,Punch,131,80,4,3,0,1
515,Pride 50,"Las Vegas, NV",Tatiana Suarez,,31,26,182,181,197,160,Female,Male,72,111,Wrestling,Boxing,American Top Team,Tristar Gym,3,1,04:00,Decision,Fighter 1,Punch,89,59,0,1,0,0
516,Bellator 270,"Las Vegas, NV",Charles Oliveira,,25,35,190,161,175,194,Male,Female,102,76,Muay Thai,Sanda,American Top Team,Chute Boxe,4,1,03:00,KO,Fighter 1,Rear-Naked Choke,144,105,0,1,1,1
517,UFC 300,Singapore,Corey Anderson,,36,34,169,166,199,173,Male,Female,92,97,Karate,Brazilian Jiu-Jitsu,American Top Team,Xtreme Couture,3,2,03:00,KO,Fighter 2,Unanimous Decision,97,57,3,4,2,0
518,ONE 200,"London, UK",Magomed Ankalaev,,25,32,163,162,187,192,Male,Female,89,68,Muay Thai,Brazilian Jiu-Jitsu,Nova Uniao,Chute Boxe,4,1,01:00,Decision,Fighter 1,Punch,90,137,1,2,0,1
519,Bellator 270,"Rio de Janeiro, Brazil",Henry Cejudo,,26,30,168,169,196,172,Male,Female,116,88,Kickboxing,Judo,American Top Team,Xtreme Couture,3,2,04:00,Submission,Fighter 1,Punch,127,62,5,2,0,0
520,KSW 75,"Los Angeles, CA",Michael Chandler,,33,32,182,181,193,199,Female,Male,87,82,Karate,Karate,American Top Team,Chute Boxe,3,1,01:00,Submission,Fighter 1,Punch,122,82,5,2,1,0
521,ONE 200,"Rio de Janeiro, Brazil",Islam Makhachev,,29,36,177,187,197,204,Male,Female,76,84,Muay Thai,Karate,City Kickboxing,Tristar Gym,4,2,04:00,Submission,Fighter 2,Rear-Naked Choke,106,131,1,1,2,2
522,Cage Warriors 140,"London, UK",Johnny Walker,,28,37,172,179,203,187,Female,Male,62,89,Wrestling,Judo,American Top Team,AKA,3,1,02:00,Decision,Fighter 1,Unanimous Decision,84,46,1,1,0,2
523,Bellator 270,"Rio de Janeiro, Brazil",Stipe Miocic,,38,32,179,183,169,201,Male,Male,63,109,Wrestling,Sanda,Tiger Muay Thai,Alliance MMA,4,2,03:00,Submission,Fighter 2,Rear-Naked Choke,61,128,1,3,2,0
524,Cage Warriors 140,"Los Angeles, CA",Santiago Ponzinibbio,,36,32,183,160,185,177,Female,Female,96,71,Wrestling,Boxing,Tiger Muay Thai,AKA,3,3,03:00,Submission,Fighter 1,Punch,97,113,2,3,2,2
525,Cage Warriors 140,"London, UK",Henry Cejudo,,39,28,192,165,166,188,Male,Male,94,108,Muay Thai,Judo,City Kickboxing,Tristar Gym,3,2,02:00,KO,Fighter 1,Unanimous Decision,135,90,5,4,2,1
726,UFC 320,"Las Vegas, NV",Alexander Volkanovski,Islam Makhachev,34,31,176,178,180,182,Male,Male,70,72,Kickboxing,Wrestling,City Kickboxing,AKA,5,5,04:32,Decision,Fighter 1,Unanimous Decision,134,110,3,6,1,0
727,Bellator 290,"London, UK",Justin Gaethje,Corey Anderson,32,30,180,183,185,189,Male,Male,74,75,Wrestling,Brazilian Jiu-Jitsu,Xtreme Couture,Jackson-Wink MMA,3,3,03:15,KO,Fighter 1,Punch,112,65,0,1,2,0
728,ONE 210,"Tokyo, Japan",Henry Cejudo,Dan Hooker,33,31,165,193,170,190,Male,Male,61,77,Wrestling,Kickboxing,Team Cejudo,City Kickboxing,5,4,02:22,Submission,Fighter 2,Rear-Naked Choke,65,100,4,1,0,0
729,Pride 60,Singapore,Jan Blachowicz,Yair Rodriguez,38,29,188,177,192,182,Male,Male,92,70,Kickboxing,Muay Thai,Nova Uniao,Jackson-Wink MMA,5,5,04:59,Decision,Fighter 2,Unanimous Decision,87,110,3,2,1,1
730,KSW 85,"Rio de Janeiro, Brazil",Rose Namajunas,Aljamain Sterling,30,33,165,171,170,176,Female,Male,57,61,Karate,Wrestling,American Top Team,Nova Uniao,3,3,03:45,KO,Fighter 2,Punch,100,135,2,4,0,1
731,UFC 320,"Las Vegas, NV",Kamaru Usman,Colby Covington,35,34,183,180,190,185,Male,Male,77,77,Wrestling,Wrestling,Hard Knocks 365,Xtreme Couture,5,5,04:50,Decision,Fighter 1,Unanimous Decision,110,85,4,2,0,0
732,Bellator 290,"London, UK",Sean O'Malley,Pedro Munhoz,28,35,180,168,183,170,Male,Male,61,61,Kickboxing,Brazilian Jiu-Jitsu,The MMA Lab,American Top Team,3,3,03:00,KO,Fighter 1,Punch,100,75,1,0,1,0
726,UFC 320,"Las Vegas, NV",Alexander Volkanovski,Islam Makhachev,34,31,176,178,180,182,Male,Male,70,72,Kickboxing,Wrestling,City Kickboxing,AKA,5,5,04:32,Decision,Fighter 1,Unanimous Decision,134,110,3,6,1,0
727,Bellator 290,"London, UK",Justin Gaethje,Corey Anderson,32,30,180,183,185,189,Male,Male,74,75,Wrestling,Brazilian Jiu-Jitsu,Xtreme Couture,Jackson-Wink MMA,3,3,03:15,KO,Fighter 1,Punch,112,65,0,1,2,0
728,ONE 210,"Tokyo, Japan",Henry Cejudo,Dan Hooker,33,31,165,193,170,190,Male,Male,61,77,Wrestling,Kickboxing,Team Cejudo,City Kickboxing,5,4,02:22,Submission,Fighter 2,Rear-Naked Choke,65,100,4,1,0,0
729,Pride 60,Singapore,Jan Blachowicz,Yair Rodriguez,38,29,188,177,192,182,Male,Male,92,70,Kickboxing,Muay Thai,Nova Uniao,Jackson-Wink MMA,5,5,04:59,Decision,Fighter 2,Unanimous Decision,87,110,3,2,1,1
730,KSW 85,"Rio de Janeiro, Brazil",Rose Namajunas,Aljamain Sterling,30,33,165,171,170,176,Female,Male,57,61,Karate,Wrestling,American Top Team,Nova Uniao,3,3,03:45,KO,Fighter 2,Punch,100,135,2,4,0,1
731,UFC 321,"Las Vegas, NV",Colby Covington,Kamaru Usman,35,36,180,182,185,187,Male,Male,77,77,Wrestling,Wrestling,American Top Team,Hard Knocks 365,5,5,04:56,Decision,Fighter 2,Unanimous Decision,123,108,2,4,0,1
732,Bellator 320,"London, UK",Sean O'Malley,Pedro Munhoz,28,35,180,173,183,177,Male,Male,61,62,Kickboxing,Brazilian Jiu-Jitsu,The MMA Lab,ATT,3,3,03:00,KO,Fighter 1,Punch,102,84,1,0,1,0
733,UFC 322,Singapore,Valentina Shevchenko,Lauren Murphy,34,38,169,172,173,177,Female,Female,57,59,Muay Thai,Wrestling,Tiger Muay Thai,Xtreme Couture,5,5,04:00,Decision,Fighter 1,Unanimous Decision,145,92,0,2,0,0
734,ONE 215,"Tokyo, Japan",Demetrious Johnson,Adriano Moraes,35,31,160,170,165,175,Male,Male,60,61,Kickboxing,Brazilian Jiu-Jitsu,AMC Pankration,American Top Team,5,5,05:00,Decision,Fighter 1,Unanimous Decision,134,96,3,4,1,0
735,Pride 61,"Tokyo, Japan",Jiri Prochazka,Glover Teixeira,29,41,193,188,203,192,Male,Male,93,93,Kickboxing,Wrestling,Jetsaam Gym,Teixeira MMA,5,5,04:59,KO,Fighter 1,Elbow,110,85,1,3,0,0
